,features,label
0,[0.88308674 0.75926997 0.78343771 1.02314196 1.08481354],1.1627271498446003
1,[0.85770106 0.74350753 0.82598185 1.04945582 1.09252886],1.187586776490334
2,[0.83133819 0.73573025 0.87826065 1.06511068 1.1039534 ],1.212449480909274
3,[0.80514279 0.73851389 0.93368485 1.07382276 1.11970922],1.2356921669587406
4,[0.7805324  0.75404298 0.98402452 1.07934753 1.13960796],1.2561421202457583
5,[0.75926997 0.78343771 1.02314196 1.08481354 1.16272715],1.2732915669520117
6,[0.74350753 0.82598185 1.04945582 1.09252886 1.18758678],1.287364157342497
7,[0.73573025 0.87826065 1.06511068 1.1039534  1.21244948],1.2992393669376494
8,[0.73851389 0.93368485 1.07382276 1.11970922 1.23569217],1.3102182478424376
9,[0.75404298 0.98402452 1.07934753 1.13960796 1.25614212],1.3215460513419257
10,[0.78343771 1.02314196 1.08481354 1.16272715 1.27329157],1.3335242529681113
11,[0.82598185 1.04945582 1.09252886 1.18758678 1.28736416],1.3440948724891144
12,[0.87826065 1.06511068 1.1039534  1.21244948 1.29923937],1.3476633269959433
13,[0.93368485 1.07382276 1.11970922 1.23569217 1.31021825],1.3370981559425865
14,[0.98402452 1.07934753 1.13960796 1.25614212 1.32154605],1.309697305615612
15,[1.02314196 1.08481354 1.16272715 1.27329157 1.33352425],1.2693887079298913
16,[1.04945582 1.09252886 1.18758678 1.28736416 1.34409487],1.2225465287365482
17,[1.06511068 1.1039534  1.21244948 1.29923937 1.34766333],1.174281296367868
18,[1.07382276 1.11970922 1.23569217 1.31021825 1.33709816],1.1275326015268832
19,[1.07934753 1.13960796 1.25614212 1.32154605 1.30969731],1.0833982765838084
20,[1.08481354 1.16272715 1.27329157 1.33352425 1.26938871],1.0416706658431452
21,[1.09252886 1.18758678 1.28736416 1.34409487 1.22254653],1.001340701679723
22,[1.1039534  1.21244948 1.29923937 1.34766333 1.1742813 ],0.9610661016210544
23,[1.11970922 1.23569217 1.31021825 1.33709816 1.1275326 ],0.9196088568030897
24,[1.13960796 1.25614212 1.32154605 1.30969731 1.08339828],0.8761988234795794
25,[1.16272715 1.27329157 1.33352425 1.26938871 1.04167067],0.8307353626104899
26,[1.18758678 1.28736416 1.34409487 1.22254653 1.0013407 ],0.7837573262110654
27,[1.21244948 1.29923937 1.34766333 1.1742813  0.9610661 ],0.7362133617460046
28,[1.23569217 1.31021825 1.33709816 1.1275326  0.91960886],0.6891646939474833
29,[1.25614212 1.32154605 1.30969731 1.08339828 0.87619882],0.6435508912217187
30,[1.27329157 1.33352425 1.26938871 1.04167067 0.83073536],0.6000667603949559
31,[1.28736416 1.34409487 1.22254653 1.0013407  0.78375733],0.5591279126102262
32,[1.29923937 1.34766333 1.1742813  0.9610661  0.73621336],0.5208853564390469
33,[1.31021825 1.33709816 1.1275326  0.91960886 0.68916469],0.4852686593154414
34,[1.32154605 1.30969731 1.08339828 0.87619882 0.64355089],0.45206507521646005
35,[1.33352425 1.26938871 1.04167067 0.83073536 0.60006676],0.4210577069689786
36,[1.34409487 1.22254653 1.0013407  0.78375733 0.55912791],0.3922307686486398
37,[1.34766333 1.1742813  0.9610661  0.73621336 0.52088536],0.36599018791123034
38,[1.33709816 1.1275326  0.91960886 0.68916469 0.48526866],0.3432718808979547
39,[1.30969731 1.08339828 0.87619882 0.64355089 0.45206508],0.32547145190101107
40,[1.26938871 1.04167067 0.83073536 0.60006676 0.42105771],0.3143252677400871
41,[1.22254653 1.0013407  0.78375733 0.55912791 0.39223077],0.3117995302612007
42,[1.1742813  0.9610661  0.73621336 0.52088536 0.36599019],0.3198561542774697
43,[1.1275326  0.91960886 0.68916469 0.48526866 0.34327188],0.34005699090728914
44,[1.08339828 0.87619882 0.64355089 0.45206508 0.32547145],0.37317994389647047
45,[1.04167067 0.83073536 0.60006676 0.42105771 0.31432527],0.41905597987299625
46,[1.0013407  0.78375733 0.55912791 0.39223077 0.31179953],0.4766136620785323
47,[0.9610661  0.73621336 0.52088536 0.36599019 0.31985615],0.5438949798907854
48,[0.91960886 0.68916469 0.48526866 0.34327188 0.34005699],0.6178935962473684
49,[0.87619882 0.64355089 0.45206508 0.32547145 0.37317994],0.6944475344427824
50,[0.83073536 0.60006676 0.42105771 0.31432527 0.41905598],0.7686614414343663
51,[0.78375733 0.55912791 0.39223077 0.31179953 0.47661366],0.8359396997233487
52,[0.73621336 0.52088536 0.36599019 0.31985615 0.54389498],0.8930085479445238
53,[0.68916469 0.48526866 0.34327188 0.34005699 0.6178936 ],0.9382881696846687
54,[0.64355089 0.45206508 0.32547145 0.37317994 0.69444753],0.9716200654482672
55,[0.60006676 0.42105771 0.31432527 0.41905598 0.76866144],0.993749299484943
56,[0.55912791 0.39223077 0.31179953 0.47661366 0.8359397 ],1.0058670181969482
57,[0.52088536 0.36599019 0.31985615 0.54389498 0.89300855],1.0093044355346128
58,[0.48526866 0.34327188 0.34005699 0.6178936  0.93828817],1.005357494227264
59,[0.45206508 0.32547145 0.37317994 0.69444753 0.97162007],0.9952025428004458
60,[0.42105771 0.31432527 0.41905598 0.76866144 0.9937493 ],0.9798790826396411
61,[0.39223077 0.31179953 0.47661366 0.8359397  1.00586702],0.9603305680412415
62,[0.36599019 0.31985615 0.54389498 0.89300855 1.00930444],0.9374923925421985
63,[0.34327188 0.34005699 0.6178936  0.93828817 1.00535749],0.9123959697690658
64,[0.32547145 0.37317994 0.69444753 0.97162007 0.99520254],0.8862497948797279
65,[0.31432527 0.41905598 0.76866144 0.9937493  0.97987908],0.8604892771081823
66,[0.31179953 0.47661366 0.8359397  1.00586702 0.96033057],0.8367997138775498
67,[0.31985615 0.54389498 0.89300855 1.00930444 0.93749239],0.817090256332417
68,[0.34005699 0.6178936  0.93828817 1.00535749 0.91239597],0.8033912225423542
69,[0.37317994 0.69444753 0.97162007 0.99520254 0.88624979],0.7976841796819581
70,[0.41905598 0.76866144 0.9937493  0.97987908 0.86048928],0.8017129634283161
71,[0.47661366 0.8359397  1.00586702 0.96033057 0.83679971],0.8168067761196262
72,[0.54389498 0.89300855 1.00930444 0.93749239 0.81709026],0.8436592203771135
73,[0.6178936  0.93828817 1.00535749 0.91239597 0.80339122],0.8818775931798168
74,[0.69444753 0.97162007 0.99520254 0.88624979 0.79768418],0.9290484814658656
75,[0.76866144 0.9937493  0.97987908 0.86048928 0.80171296],0.9795502091704513
76,[0.8359397  1.00586702 0.96033057 0.83679971 0.81680678],1.0249038144698412
77,[0.89300855 1.00930444 0.93749239 0.81709026 0.84365922],1.0574599796430557
78,[0.93828817 1.00535749 0.91239597 0.80339122 0.88187759],1.0744553658458877
79,[0.97162007 0.99520254 0.88624979 0.79768418 0.92904848],1.078062698046599
80,[0.9937493  0.97987908 0.86048928 0.80171296 0.97955021],1.0727458998341692
81,[1.00586702 0.96033057 0.83679971 0.81680678 1.02490381],1.0631167526030687
82,[1.00930444 0.93749239 0.81709026 0.84365922 1.05745998],1.0530650646942057
83,[1.00535749 0.91239597 0.80339122 0.88187759 1.07445537],1.0456090364622619
84,[0.99520254 0.88624979 0.79768418 0.92904848 1.0780627 ],1.0429608915058006
85,[0.97987908 0.86048928 0.80171296 0.97955021 1.0727459 ],1.0465771252702014
86,[0.96033057 0.83679971 0.81680678 1.02490381 1.06311675],1.0571273653569657
87,[0.93749239 0.81709026 0.84365922 1.05745998 1.05306506],1.0744113977638978
88,[0.91239597 0.80339122 0.88187759 1.07445537 1.04560904],1.0973319517228357
89,[0.88624979 0.79768418 0.92904848 1.0780627  1.04296089],1.1240577749453726
90,[0.86048928 0.80171296 0.97955021 1.0727459  1.04657713],1.152419986982839
91,[0.83679971 0.81680678 1.02490381 1.06311675 1.05712737],1.1804225859116113
92,[0.81709026 0.84365922 1.05745998 1.05306506 1.0744114 ],1.2066599874166446
93,[0.80339122 0.88187759 1.07445537 1.04560904 1.09733195],1.2304870433423898
94,[0.79768418 0.92904848 1.0780627  1.04296089 1.12405777],1.2519062841928656
95,[0.80171296 0.97955021 1.0727459  1.04657713 1.15241999],1.2712080715917822
96,[0.81680678 1.02490381 1.06311675 1.05712737 1.18042259],1.2883754026863563
97,[0.84365922 1.05745998 1.05306506 1.0744114  1.20665999],1.302207959228443
98,[0.88187759 1.07445537 1.04560904 1.09733195 1.23048704],1.3092977477391394
99,[0.92904848 1.0780627  1.04296089 1.12405777 1.25190628],1.3039954296262537
100,[0.97955021 1.0727459  1.04657713 1.15241999 1.27120807],1.2816346861441357
101,[1.02490381 1.06311675 1.05712737 1.18042259 1.2883754 ],1.2434190948934774
102,[1.05745998 1.05306506 1.0744114  1.20665999 1.30220796],1.1960282945809932
103,[1.07445537 1.04560904 1.09733195 1.23048704 1.30929775],1.1468673877846218
104,[1.0780627  1.04296089 1.12405777 1.25190628 1.30399543],1.1012759520330455
105,[1.0727459  1.04657713 1.15241999 1.27120807 1.28163469],1.062233015317925
106,[1.06311675 1.05712737 1.18042259 1.2883754  1.24341909],1.0307663562294227
107,[1.05306506 1.0744114  1.20665999 1.30220796 1.19602829],1.0063625796265239
108,[1.04560904 1.09733195 1.23048704 1.30929775 1.14686739],0.9873493549254125
109,[1.04296089 1.12405777 1.25190628 1.30399543 1.10127595],0.9712929291820112
110,[1.04657713 1.15241999 1.27120807 1.28163469 1.06223302],0.9554017486753873
111,[1.05712737 1.18042259 1.2883754  1.24341909 1.03076636],0.9369424960478604
112,[1.0744114  1.20665999 1.30220796 1.19602829 1.00636258],0.9137066640729737
113,[1.09733195 1.23048704 1.30929775 1.14686739 0.98734935],0.8844811344350224
114,[1.12405777 1.25190628 1.30399543 1.10127595 0.97129293],0.849303049688436
115,[1.15241999 1.27120807 1.28163469 1.06223302 0.95540175],0.8092882608720385
116,[1.18042259 1.2883754  1.24341909 1.03076636 0.9369425 ],0.7661171935660305
117,[1.20665999 1.30220796 1.19602829 1.00636258 0.91370666],0.7214950272667529
118,[1.23048704 1.30929775 1.14686739 0.98734935 0.88448113],0.676819767133577
119,[1.25190628 1.30399543 1.10127595 0.97129293 0.84930305],0.6330834352026318
120,[1.27120807 1.28163469 1.06223302 0.95540175 0.80928826],0.5909273179658433
121,[1.2883754  1.24341909 1.03076636 0.9369425  0.76611719],0.550779112791143
122,[1.30220796 1.19602829 1.00636258 0.91370666 0.72149503],0.5130387887091928
123,[1.30929775 1.14686739 0.98734935 0.88448113 0.67681977],0.47830392092554336
124,[1.30399543 1.10127595 0.97129293 0.84930305 0.63308344],0.447613938146982
125,[1.28163469 1.06223302 0.95540175 0.80928826 0.59092732],0.42263458356556893
126,[1.24341909 1.03076636 0.9369425  0.76611719 0.55077911],0.40565835283003304
127,[1.19602829 1.00636258 0.91370666 0.72149503 0.51303879],0.39931447127051234
128,[1.14686739 0.98734935 0.88448113 0.67681977 0.47830392],0.4058459646277043
129,[1.10127595 0.97129293 0.84930305 0.63308344 0.44761394],0.42603841692388555
130,[1.06223302 0.95540175 0.80928826 0.59092732 0.42263458],0.4585323426312104
131,[1.03076636 0.9369425  0.76611719 0.55077911 0.40565835],0.5002567319234479
132,[1.00636258 0.91370666 0.72149503 0.51303879 0.39931447],0.5476769970576505
133,[0.98734935 0.88448113 0.67681977 0.47830392 0.40584596],0.5979209001142981
134,[0.97129293 0.84930305 0.63308344 0.44761394 0.42603842],0.6493044475641575
135,[0.95540175 0.80928826 0.59092732 0.42263458 0.45853234],0.7013381586119143
136,[0.9369425  0.76611719 0.55077911 0.40565835 0.50025673],0.7543768539654564
137,[0.91370666 0.72149503 0.51303879 0.39931447 0.547677  ],0.8089512474142632
138,[0.88448113 0.67681977 0.47830392 0.40584596 0.5979209 ],0.864865522807155
139,[0.84930305 0.63308344 0.44761394 0.42603842 0.64930445],0.9204900962463289
140,[0.80928826 0.59092732 0.42263458 0.45853234 0.70133816],0.9728907377149985
141,[0.76611719 0.55077911 0.40565835 0.50025673 0.75437685],1.0188473304786776
142,[0.72149503 0.51303879 0.39931447 0.547677   0.80895125],1.0559490190631968
143,[0.67681977 0.47830392 0.40584596 0.5979209  0.86486552],1.083041613153388
144,[0.63308344 0.44761394 0.42603842 0.64930445 0.9204901 ],1.1000580583372226
145,[0.59092732 0.42263458 0.45853234 0.70133816 0.97289074],1.1076272582464137
146,[0.55077911 0.40565835 0.50025673 0.75437685 1.01884733],1.1067380829930153
147,[0.51303879 0.39931447 0.547677   0.80895125 1.05594902],1.0985425729370715
148,[0.47830392 0.40584596 0.5979209  0.86486552 1.08304161],1.0842891895590412
149,[0.44761394 0.42603842 0.64930445 0.9204901  1.10005806],1.0653541627859435
150,[0.42263458 0.45853234 0.70133816 0.97289074 1.10762726],1.0433302970237646
151,[0.40565835 0.50025673 0.75437685 1.01884733 1.10673808],1.0201191487991488
152,[0.39931447 0.547677   0.80895125 1.05594902 1.09854257],0.997961897207916
153,[0.40584596 0.5979209  0.86486552 1.08304161 1.08428919],0.979325061413992
154,[0.42603842 0.64930445 0.9204901  1.10005806 1.06535416],0.966583455223228
155,[0.45853234 0.70133816 0.97289074 1.10762726 1.0433303 ],0.9615939146720788
156,[0.50025673 0.75437685 1.01884733 1.10673808 1.02011915],0.9653877566553404
157,[0.547677   0.80895125 1.05594902 1.09854257 0.9979619 ],0.9781190748596669
158,[0.5979209  0.86486552 1.08304161 1.08428919 0.97932506],0.9991969916595511
159,[0.64930445 0.9204901  1.10005806 1.06535416 0.96658346],1.0274312516402482
160,[0.70133816 0.97289074 1.10762726 1.0433303  0.96159391],1.061030172220466
161,[0.75437685 1.01884733 1.10673808 1.02011915 0.96538776],1.0973043819509785
162,[0.80895125 1.05594902 1.09854257 0.9979619  0.97811907],1.1320280180924729
163,[0.86486552 1.08304161 1.08428919 0.97932506 0.99919699],1.1589813828223674
164,[0.9204901  1.10005806 1.06535416 0.96658346 1.02743125],1.171222025884783
165,[0.97289074 1.10762726 1.0433303  0.96159391 1.06103017],1.1646745950373851
166,[1.01884733 1.10673808 1.02011915 0.96538776 1.09730438],1.140607489922827
167,[1.05594902 1.09854257 0.9979619  0.97811907 1.13202802],1.1040882118396507
168,[1.08304161 1.08428919 0.97932506 0.99919699 1.15898138],1.0609385417542527
169,[1.10005806 1.06535416 0.96658346 1.02743125 1.17122203],1.0160421205687304
170,[1.10762726 1.0433303  0.96159391 1.06103017 1.1646746 ],0.9730532884852979
171,[1.10673808 1.02011915 0.96538776 1.09730438 1.14060749],0.9346628416727237
172,[1.09854257 0.9979619  0.97811907 1.13202802 1.10408821],0.9029196924288929
173,[1.08428919 0.97932506 0.99919699 1.15898138 1.06093854],0.8794310166606586
174,[1.06535416 0.96658346 1.02743125 1.17122203 1.01604212],0.8653838822063681
175,[1.0433303  0.96159391 1.06103017 1.1646746  0.97305329],0.8613765536419407
176,[1.02011915 0.96538776 1.09730438 1.14060749 0.93466284],0.8671241775480364
177,[0.9979619  0.97811907 1.13202802 1.10408821 0.90291969],0.8812259264285858
178,[0.97932506 0.99919699 1.15898138 1.06093854 0.87943102],0.9012286556320276
179,[0.96658346 1.02743125 1.17122203 1.01604212 0.86538388],0.9240337629257174
180,[0.96159391 1.06103017 1.1646746  0.97305329 0.86137655],0.946382221783554
181,[0.96538776 1.09730438 1.14060749 0.93466284 0.86712418],0.9651122165331415
182,[0.97811907 1.13202802 1.10408821 0.90291969 0.88122593],0.9771888704931364
183,[0.99919699 1.15898138 1.06093854 0.87943102 0.90122866],0.9797910233728931
184,[1.02743125 1.17122203 1.01604212 0.86538388 0.92403376],0.9707372238509973
185,[1.06103017 1.1646746  0.97305329 0.86137655 0.94638222],0.9492266096969055
186,[1.09730438 1.14060749 0.93466284 0.86712418 0.96511222],0.9164587169684472
187,[1.13202802 1.10408821 0.90291969 0.88122593 0.97718887],0.8756221814422666
188,[1.15898138 1.06093854 0.87943102 0.90122866 0.97979102],0.8312021073990186
189,[1.17122203 1.01604212 0.86538388 0.92403376 0.97073722],0.7880739707448632
190,[1.1646746  0.97305329 0.86137655 0.94638222 0.94922661],0.7509181253389542
191,[1.14060749 0.93466284 0.86712418 0.96511222 0.91645872],0.7240853225569447
192,[1.10408821 0.90291969 0.88122593 0.97718887 0.87562218],0.7114903007132872
193,[1.06093854 0.87943102 0.90122866 0.97979102 0.83120211],0.7159398762063727
194,[1.01604212 0.86538388 0.92403376 0.97073722 0.78807397],0.7378820660701202
195,[0.97305329 0.86137655 0.94638222 0.94922661 0.75091813],0.7746073305811981
196,[0.93466284 0.86712418 0.96511222 0.91645872 0.72408532],0.8210412030105394
197,[0.90291969 0.88122593 0.97718887 0.87562218 0.7114903 ],0.8717041130570673
198,[0.87943102 0.90122866 0.97979102 0.83120211 0.71593988],0.9222993836122255
199,[0.86538388 0.92403376 0.97073722 0.78807397 0.73788207],0.9701498977955965
200,[0.86137655 0.94638222 0.94922661 0.75091813 0.77460733],1.0137828034937504
201,[0.86712418 0.96511222 0.91645872 0.72408532 0.8210412 ],1.05222574088672
202,[0.88122593 0.97718887 0.87562218 0.7114903  0.87170411],1.084436474079259
203,[0.90122866 0.97979102 0.83120211 0.71593988 0.92229938],1.109166090258702
204,[0.92403376 0.97073722 0.78807397 0.73788207 0.9701499 ],1.1253680017175787
205,[0.94638222 0.94922661 0.75091813 0.77460733 1.0137828 ],1.1329058812015245
206,[0.96511222 0.91645872 0.72408532 0.8210412  1.05222574],1.1330846833513337
207,[0.97718887 0.87562218 0.7114903  0.87170411 1.08443647],1.128719816536012
208,[0.97979102 0.83120211 0.71593988 0.92229938 1.10916609],1.1237940340194803
209,[0.97073722 0.78807397 0.73788207 0.9701499  1.125368  ],1.1227985119456458
210,[0.94922661 0.75091813 0.77460733 1.0137828  1.13290588],1.1296275435028926
211,[0.91645872 0.72408532 0.8210412  1.05222574 1.13308468],1.1459296817279605
212,[0.87562218 0.7114903  0.87170411 1.08443647 1.12871982],1.1697802332974552
213,[0.83120211 0.71593988 0.92229938 1.10916609 1.12379403],1.196432081372899
214,[0.78807397 0.73788207 0.9701499  1.125368   1.12279851],1.2210719744257474
215,[0.75091813 0.77460733 1.0137828  1.13290588 1.12962754],1.2410486687900901
216,[0.72408532 0.8210412  1.05222574 1.13308468 1.14592968],1.2562420848446307
217,[0.7114903  0.87170411 1.08443647 1.12871982 1.16978023],1.2683378216726569
218,[0.71593988 0.92229938 1.10916609 1.12379403 1.19643208],1.279799050567464
219,[0.73788207 0.9701499  1.125368   1.12279851 1.22107197],1.29265667520002
220,[0.77460733 1.0137828  1.13290588 1.12962754 1.24104867],1.3071335176927583
221,[0.8210412  1.05222574 1.13308468 1.14592968 1.25624208],1.3205632183511578
222,[0.87170411 1.08443647 1.12871982 1.16978023 1.26833782],1.3276087064057
223,[0.92229938 1.10916609 1.12379403 1.19643208 1.27979905],1.322469212390383
224,[0.9701499  1.125368   1.12279851 1.22107197 1.29265668],1.3018258472780293
225,[1.0137828  1.13290588 1.12962754 1.24104867 1.30713352],1.2660936809160477
226,[1.05222574 1.13308468 1.14592968 1.25624208 1.32056322],1.2184875226225056
227,[1.08443647 1.12871982 1.16978023 1.26833782 1.32760871],1.1633883611333387
228,[1.10916609 1.12379403 1.19643208 1.27979905 1.32246921],1.105149014317936
229,[1.125368   1.12279851 1.22107197 1.29265668 1.30182585],1.0474936158766828
230,[1.13290588 1.12962754 1.24104867 1.30713352 1.26609368],0.9932879352551311
231,[1.13308468 1.14592968 1.25624208 1.32056322 1.21848752],0.9444488454963318
232,[1.12871982 1.16978023 1.26833782 1.32760871 1.16338836],0.9018240083880487
233,[1.12379403 1.19643208 1.27979905 1.32246921 1.10514901],0.8649945573568321
234,[1.12279851 1.22107197 1.29265668 1.30182585 1.04749362],0.8321619055300661
235,[1.12962754 1.24104867 1.30713352 1.26609368 0.99328794],0.8004869284164391
236,[1.14592968 1.25624208 1.32056322 1.21848752 0.94444885],0.7671667391759318
237,[1.16978023 1.26833782 1.32760871 1.16338836 0.90182401],0.7308025712606994
238,[1.19643208 1.27979905 1.32246921 1.10514901 0.86499456],0.6918569175370038
239,[1.22107197 1.29265668 1.30182585 1.04749362 0.83216191],0.6518518178522903
240,[1.24104867 1.30713352 1.26609368 0.99328794 0.80048693],0.6123415949060187
241,[1.25624208 1.32056322 1.21848752 0.94444885 0.76716674],0.5743951369807283
242,[1.26833782 1.32760871 1.16338836 0.90182401 0.73080257],0.5385015960761751
243,[1.27979905 1.32246921 1.10514901 0.86499456 0.69185692],0.50466800829411
244,[1.29265668 1.30182585 1.04749362 0.83216191 0.65185182],0.4726326778685581
245,[1.30713352 1.26609368 0.99328794 0.80048693 0.61234159],0.4421692316631151
246,[1.32056322 1.21848752 0.94444885 0.76716674 0.57439514],0.41337186044560803
247,[1.32760871 1.16338836 0.90182401 0.73080257 0.5385016 ],0.38677780054559163
248,[1.32246921 1.10514901 0.86499456 0.69185692 0.50466801],0.363333447361834
249,[1.30182585 1.04749362 0.83216191 0.65185182 0.47263268],0.3443801435111145
250,[1.26609368 0.99328794 0.80048693 0.61234159 0.44216923],0.3318010867624489
251,[1.21848752 0.94444885 0.76716674 0.57439514 0.41337186],0.32828744894605466
252,[1.16338836 0.90182401 0.73080257 0.5385016  0.3867778 ],0.3374431257048169
253,[1.10514901 0.86499456 0.69185692 0.50466801 0.36333345],0.3631514958709624
254,[1.04749362 0.83216191 0.65185182 0.47263268 0.34438014],0.4077105385587653
255,[0.99328794 0.80048693 0.61234159 0.44216923 0.33180109],0.4696117587326427
256,[0.94444885 0.76716674 0.57439514 0.41337186 0.32828745],0.5433734113626904
257,[0.90182401 0.73080257 0.5385016  0.3867778  0.33744313],0.6220671186070466
258,[0.86499456 0.69185692 0.50466801 0.36333345 0.3631515 ],0.6999977902526986
259,[0.83216191 0.65185182 0.47263268 0.34438014 0.40771054],0.7735670780366499
260,[0.80048693 0.61234159 0.44216923 0.33180109 0.46961176],0.840698746084436
261,[0.76716674 0.57439514 0.41337186 0.32828745 0.54337341],0.8999421369420503
262,[0.73080257 0.5385016  0.3867778  0.33744313 0.62206712],0.9500220635413384
263,[0.69185692 0.50466801 0.36333345 0.3631515  0.69999779],0.9899994351800276
264,[0.65185182 0.47263268 0.34438014 0.40771054 0.77356708],1.0195887341350673
265,[0.61234159 0.44216923 0.33180109 0.46961176 0.84069875],1.0391971186234858
266,[0.57439514 0.41337186 0.32828745 0.54337341 0.89994214],1.049709077625296
267,[0.5385016  0.3867778  0.33744313 0.62206712 0.95002206],1.0522180963253722
268,[0.50466801 0.36333345 0.3631515  0.69999779 0.98999944],1.0478218374605381
269,[0.47263268 0.34438014 0.40771054 0.77356708 1.01958873],1.03751364207299
270,[0.44216923 0.33180109 0.46961176 0.84069875 1.03919712],1.022170867321227
271,[0.41337186 0.32828745 0.54337341 0.89994214 1.04970908],1.002616110176004
272,[0.3867778  0.33744313 0.62206712 0.95002206 1.0522181 ],0.9797042639879503
273,[0.36333345 0.3631515  0.69999779 0.98999944 1.04782184],0.9543976138517427
274,[0.34438014 0.40771054 0.77356708 1.01958873 1.03751364],0.9278322651777997
275,[0.33180109 0.46961176 0.84069875 1.03919712 1.02217087],0.9014081828170717
276,[0.32828745 0.54337341 0.89994214 1.04970908 1.00261611],0.8769238997260659
277,[0.33744313 0.62206712 0.95002206 1.0522181  0.97970426],0.8567188429967383
278,[0.3631515  0.69999779 0.98999944 1.04782184 0.95439761],0.843674360668545
279,[0.40771054 0.77356708 1.01958873 1.03751364 0.92783227],0.8408386845571892
280,[0.46961176 0.84069875 1.03919712 1.02217087 0.90140818],0.8506281976240331
281,[0.54337341 0.89994214 1.04970908 1.00261611 0.8769239 ],0.8739967619675939
282,[0.62206712 0.95002206 1.0522181  0.97970426 0.85671884],0.9099402537718124
283,[0.69999779 0.98999944 1.04782184 0.95439761 0.84367436],0.9550999035249432
284,[0.77356708 1.01958873 1.03751364 0.92783227 0.84083868],1.0032777878472394
285,[0.84069875 1.03919712 1.02217087 0.90140818 0.8506282 ],1.0458820387779912
286,[0.89994214 1.04970908 1.00261611 0.8769239  0.87399676],1.0747714196948996
287,[0.95002206 1.0522181  0.97970426 0.85671884 0.90994025],1.0861305174497695
288,[0.98999944 1.04782184 0.95439761 0.84367436 0.9550999 ],1.081488420953123
289,[1.01958873 1.03751364 0.92783227 0.84083868 1.00327779],1.0654396748400494
290,[1.03919712 1.02217087 0.90140818 0.8506282  1.04588204],1.0430802002139192
291,[1.04970908 1.00261611 0.8769239  0.87399676 1.07477142],1.018768693062791
292,[1.0522181  0.97970426 0.85671884 0.90994025 1.08613052],0.9958980445577065
293,[1.04782184 0.95439761 0.84367436 0.9550999  1.08148842],0.9770522196378417
294,[1.03751364 0.92783227 0.84083868 1.00327779 1.06543967],0.9642070689788271
295,[1.02217087 0.90140818 0.8506282  1.04588204 1.0430802 ],0.9588407222424199
296,[1.00261611 0.8769239  0.87399676 1.07477142 1.01876869],0.961908570930329
297,[0.97970426 0.85671884 0.90994025 1.08613052 0.99589804],0.9736972814085981
298,[0.95439761 0.84367436 0.9550999  1.08148842 0.97705222],0.993644784096797
299,[0.92783227 0.84083868 1.00327779 1.06543967 0.96420707],1.0202743904538503
300,[0.90140818 0.8506282  1.04588204 1.0430802  0.95884072],1.0513774225985073
301,[0.8769239  0.87399676 1.07477142 1.01876869 0.96190857],1.084455742408624
302,[0.85671884 0.90994025 1.08613052 0.99589804 0.97369728],1.1172661616511694
303,[0.84367436 0.9550999  1.08148842 0.97705222 0.99364478],1.148208247733892
304,[0.84083868 1.00327779 1.06543967 0.96420707 1.02027439],1.1763075517848447
305,[0.8506282  1.04588204 1.0430802  0.95884072 1.05137742],1.200645231029185
306,[0.87399676 1.07477142 1.01876869 0.96190857 1.08445574],1.219302119901378
307,[0.90994025 1.08613052 0.99589804 0.97369728 1.11726616],1.2283776829155586
308,[0.9550999  1.08148842 0.97705222 0.99364478 1.14820825],1.2226103774139336
309,[1.00327779 1.06543967 0.96420707 1.02027439 1.17630755],1.1990356879686377
310,[1.04588204 1.0430802  0.95884072 1.05137742 1.20064523],1.1606465519478122
311,[1.07477142 1.01876869 0.96190857 1.08445574 1.21930212],1.1149053064485146
312,[1.08613052 0.99589804 0.97369728 1.11726616 1.22837768],1.0695484381636755
313,[1.08148842 0.97705222 0.99364478 1.14820825 1.22261038],1.030422669966725
314,[1.06543967 0.96420707 1.02027439 1.17630755 1.19903569],1.001243561960677
315,[1.0430802  0.95884072 1.05137742 1.20064523 1.16064655],0.983750085445125
316,[1.01876869 0.96190857 1.08445574 1.21930212 1.11490531],0.9778072774595785
317,[0.99589804 0.97369728 1.11726616 1.22837768 1.06954844],0.9816628314931879
318,[0.97705222 0.99364478 1.14820825 1.22261038 1.03042267],0.9924923288714866
319,[0.96420707 1.02027439 1.17630755 1.19903569 1.00124356],1.0070440976460675
320,[0.95884072 1.05137742 1.20064523 1.16064655 0.98375009],1.0220824570731515
321,[0.96190857 1.08445574 1.21930212 1.11490531 0.97780728],1.03451207694093
322,[0.97369728 1.11726616 1.22837768 1.06954844 0.98166283],1.0413311720773732
323,[0.99364478 1.14820825 1.22261038 1.03042267 0.99249233],1.0397289501098124
324,[1.02027439 1.17630755 1.19903569 1.00124356 1.0070441 ],1.0275784615123749
325,[1.05137742 1.20064523 1.16064655 0.98375009 1.02208246],1.0041581919705553
326,[1.08445574 1.21930212 1.11490531 0.97780728 1.03451208],0.9704849397447187
327,[1.11726616 1.22837768 1.06954844 0.98166283 1.04133117],0.9288720123691417
328,[1.14820825 1.22261038 1.03042267 0.99249233 1.03972895],0.8820701426683522
329,[1.17630755 1.19903569 1.00124356 1.0070441  1.02757846],0.8326062301413484
330,[1.20064523 1.16064655 0.98375009 1.02208246 1.00415819],0.7825809571219868
331,[1.21930212 1.11490531 0.97780728 1.03451208 0.97048494],0.7338353609780485
332,[1.22837768 1.06954844 0.98166283 1.04133117 0.92887201],0.6882998017798458
333,[1.22261038 1.03042267 0.99249233 1.03972895 0.88207014],0.6483648108428224
334,[1.19903569 1.00124356 1.0070441  1.02757846 0.83260623],0.6171046080304106
335,[1.16064655 0.98375009 1.02208246 1.00415819 0.78258096],0.5980957076362806
336,[1.11490531 0.97780728 1.03451208 0.97048494 0.73383536],0.5944890979650268
337,[1.06954844 0.98166283 1.04133117 0.92887201 0.6882998 ],0.6073346876204705
338,[1.03042267 0.99249233 1.03972895 0.88207014 0.64836481],0.6343176134191324
339,[1.00124356 1.0070441  1.02757846 0.83260623 0.61710461],0.6703880488493413
340,[0.98375009 1.02208246 1.00415819 0.78258096 0.59809571],0.7097648571892043
341,[0.97780728 1.03451208 0.97048494 0.73383536 0.5944891 ],0.7474955870242737
342,[0.98166283 1.04133117 0.92887201 0.6882998  0.60733469],0.7799704737014868
343,[0.99249233 1.03972895 0.88207014 0.64836481 0.63431761],0.8049605992531067
344,[1.0070441  1.02757846 0.83260623 0.61710461 0.67038805],0.8216359749872071
345,[1.02208246 1.00415819 0.78258096 0.59809571 0.70976486],0.8305625402251842
346,[1.03451208 0.97048494 0.73383536 0.5944891  0.74749559],0.8335735088968057
347,[1.04133117 0.92887201 0.6882998  0.60733469 0.77997047],0.8335459668358691
348,[1.03972895 0.88207014 0.64836481 0.63431761 0.8049606 ],0.8341626802705765
349,[1.02757846 0.83260623 0.61710461 0.67038805 0.82163597],0.8396121844108906
350,[1.00415819 0.78258096 0.59809571 0.70976486 0.83056254],0.8539836714202682
351,[0.97048494 0.73383536 0.5944891  0.74749559 0.83357351],0.8800635992234985
352,[0.92887201 0.6882998  0.60733469 0.77997047 0.83354597],0.9177380888032022
353,[0.88207014 0.64836481 0.63431761 0.8049606  0.83416268],0.9632383943017313
354,[0.83260623 0.61710461 0.67038805 0.82163597 0.83961218],1.0104547404118775
355,[0.78258096 0.59809571 0.70976486 0.83056254 0.85398367],1.0535100996964861
356,[0.73383536 0.5944891  0.74749559 0.83357351 0.8800636 ],1.0885673075703586
357,[0.6882998  0.60733469 0.77997047 0.83354597 0.91773809],1.1141617490723295
358,[0.64836481 0.63431761 0.8049606  0.83416268 0.96323839],1.1307382645730135
359,[0.61710461 0.67038805 0.82163597 0.83961218 1.01045474],1.1401047138761395
360,[0.59809571 0.70976486 0.83056254 0.85398367 1.0535101 ],1.1450168038399282
361,[0.5944891  0.74749559 0.83357351 0.8800636  1.08856731],1.1487609771683198
362,[0.60733469 0.77997047 0.83354597 0.91773809 1.11416175],1.1545280891316123
363,[0.63431761 0.8049606  0.83416268 0.96323839 1.13073826],1.1646149229766976
364,[0.67038805 0.82163597 0.83961218 1.01045474 1.14010471],1.179817088884028
365,[0.70976486 0.83056254 0.85398367 1.0535101  1.1450168 ],1.1993274505468998
366,[0.74749559 0.83357351 0.8800636  1.08856731 1.14876098],1.221172452244657
367,[0.77997047 0.83354597 0.91773809 1.11416175 1.15452809],1.2430507029366498
368,[0.8049606  0.83416268 0.96323839 1.13073826 1.16461492],1.2632341222748267
369,[0.82163597 0.83961218 1.01045474 1.14010471 1.17981709],1.2810301923967753
370,[0.83056254 0.85398367 1.0535101  1.1450168  1.19932745],1.2965963641703233
371,[0.83357351 0.8800636  1.08856731 1.14876098 1.22117245],1.3104124311914205
372,[0.83354597 0.91773809 1.11416175 1.15452809 1.2430507 ],1.3228487581067412
373,[0.83416268 0.96323839 1.13073826 1.16461492 1.26323412],1.3339992263354523
374,[0.83961218 1.01045474 1.14010471 1.17981709 1.28103019],1.3436221238915012
375,[0.85398367 1.0535101  1.1450168  1.19932745 1.29659636],1.350847388651385
376,[0.8800636  1.08856731 1.14876098 1.22117245 1.31041243],1.3534121380146003
377,[0.91773809 1.11416175 1.15452809 1.2430507  1.32284876],1.346982477663709
378,[0.96323839 1.13073826 1.16461492 1.26323412 1.33399923],1.3264388403058498
379,[1.01045474 1.14010471 1.17981709 1.28103019 1.34362212],1.2895905608980567
380,[1.0535101  1.1450168  1.19932745 1.29659636 1.35084739],1.239129395368842
381,[1.08856731 1.14876098 1.22117245 1.31041243 1.35341214],1.1804698635324051
382,[1.11416175 1.15452809 1.2430507  1.32284876 1.34698248],1.1188690789630789
383,[1.13073826 1.16461492 1.26323412 1.33399923 1.32643884],1.058183745994786
384,[1.14010471 1.17981709 1.28103019 1.34362212 1.28959056],1.0007710074483869
385,[1.1450168  1.19932745 1.29659636 1.35084739 1.2391294 ],0.9476821198033294
386,[1.14876098 1.22117245 1.31041243 1.35341214 1.18046986],0.8988443105460048
387,[1.15452809 1.2430507  1.32284876 1.34698248 1.11886908],0.8532991276897479
388,[1.16461492 1.26323412 1.33399923 1.32643884 1.05818375],0.8096361592904012
389,[1.17981709 1.28103019 1.34362212 1.28959056 1.00077101],0.7665738791491589
390,[1.19932745 1.29659636 1.35084739 1.2391294  0.94768212],0.7234307304623802
391,[1.22117245 1.31041243 1.35341214 1.18046986 0.89884431],0.6802495137993382
392,[1.2430507  1.32284876 1.34698248 1.11886908 0.85329913],0.6375716688094217
393,[1.26323412 1.33399923 1.32643884 1.05818375 0.80963616],0.5960788956603843
394,[1.28103019 1.34362212 1.28959056 1.00077101 0.76657388],0.5563299694863746
395,[1.29659636 1.35084739 1.2391294  0.94768212 0.72343073],0.5186688951765929
396,[1.31041243 1.35341214 1.18046986 0.89884431 0.68024951],0.4832534206857221
397,[1.32284876 1.34698248 1.11886908 0.85329913 0.63757167],0.45012472222960653
398,[1.33399923 1.32643884 1.05818375 0.80963616 0.5960789 ],0.419268632492325
399,[1.34362212 1.28959056 1.00077101 0.76657388 0.55632997],0.3906603913682617
400,[1.35084739 1.2391294  0.94768212 0.72343073 0.5186689 ],0.3643183168094496
401,[1.35341214 1.18046986 0.89884431 0.68024951 0.48325342],0.3404061561893781
402,[1.34698248 1.11886908 0.85329913 0.63757167 0.45012472],0.3194040341082307
403,[1.32643884 1.05818375 0.80963616 0.5960789  0.41926863],0.3023168934598923
404,[1.28959056 1.00077101 0.76657388 0.55632997 0.39066039],0.290882642463009
405,[1.2391294  0.94768212 0.72343073 0.5186689  0.36431832],0.2877875342255606
406,[1.18046986 0.89884431 0.68024951 0.48325342 0.34040616],0.2967553493817897
407,[1.11886908 0.85329913 0.63757167 0.45012472 0.31940403],0.32199863429001374
408,[1.05818375 0.80963616 0.5960789  0.41926863 0.30231689],0.3664676968987817
409,[1.00077101 0.76657388 0.55632997 0.39066039 0.29088264],0.4295123775635565
410,[0.94768212 0.72343073 0.5186689  0.36431832 0.28778753],0.5061962313948025
411,[0.89884431 0.68024951 0.48325342 0.34040616 0.29675535],0.5893106298671149
412,[0.85329913 0.63757167 0.45012472 0.31940403 0.32199863],0.6720470561209106
413,[0.80963616 0.5960789  0.41926863 0.30231689 0.3664677 ],0.7492871854122951
414,[0.76657388 0.55632997 0.39066039 0.29088264 0.42951238],0.8176337570475433
415,[0.72343073 0.5186689  0.36431832 0.28778753 0.50619623],0.8750905033472999
416,[0.68024951 0.48325342 0.34040616 0.29675535 0.58931063],0.9208047669769761
417,[0.63757167 0.45012472 0.31940403 0.32199863 0.67204706],0.9548388582960178
418,[0.5960789  0.41926863 0.30231689 0.3664677  0.74928719],0.9778994483039894
419,[0.55632997 0.39066039 0.29088264 0.42951238 0.81763376],0.9910603923335548
420,[0.5186689  0.36431832 0.28778753 0.50619623 0.8750905 ],0.9955421798966922
421,[0.48325342 0.34040616 0.29675535 0.58931063 0.92080477],0.9925715568254146
422,[0.45012472 0.31940403 0.32199863 0.67204706 0.95483886],0.983308616954367
423,[0.41926863 0.30231689 0.3664677  0.74928719 0.97789945],0.9688174091945582
424,[0.39066039 0.29088264 0.42951238 0.81763376 0.99106039],0.9500612782923155
425,[0.36431832 0.28778753 0.50619623 0.8750905  0.99554218],0.9279158125680058
426,[0.34040616 0.29675535 0.58931063 0.92080477 0.99257156],0.9032040402452346
427,[0.31940403 0.32199863 0.67204706 0.95483886 0.98330862],0.8767637370994754
428,[0.30231689 0.3664677  0.74928719 0.97789945 0.96881741],0.849550356502123
429,[0.29088264 0.42951238 0.81763376 0.99106039 0.95006128],0.8227715970405988
430,[0.28778753 0.50619623 0.8750905  0.99554218 0.92791581],0.7980517198864079
431,[0.29675535 0.58931063 0.92080477 0.99257156 0.90320404],0.7775973034253185
432,[0.32199863 0.67204706 0.95483886 0.98330862 0.87676374],0.7642365282929962
433,[0.3664677  0.74928719 0.97789945 0.96881741 0.84955036],0.7611032129733434
434,[0.42951238 0.81763376 0.99106039 0.95006128 0.8227716 ],0.7708770157664747
435,[0.50619623 0.8750905  0.99554218 0.92791581 0.79805172],0.7949168590886234
436,[0.58931063 0.92080477 0.99257156 0.90320404 0.7775973 ],0.8326948806824102
437,[0.67204706 0.95483886 0.98330862 0.87676374 0.76423653],0.8813554383977431
438,[0.74928719 0.97789945 0.96881741 0.84955036 0.76110321],0.9351598387494505
439,[0.81763376 0.99106039 0.95006128 0.8227716  0.77087702],0.98590676762658
440,[0.8750905  0.99554218 0.92791581 0.79805172 0.79491686],1.02585125871735
441,[0.92080477 0.99257156 0.90320404 0.7775973  0.83269488],1.0513154568897483
442,[0.95483886 0.98330862 0.87676374 0.76423653 0.88135544],1.0633461927539232
443,[0.97789945 0.96881741 0.84955036 0.76110321 0.93515984],1.0656835215815714
444,[0.99106039 0.95006128 0.8227716  0.77087702 0.98590677],1.0626679858226342
445,[0.99554218 0.92791581 0.79805172 0.79491686 1.02585126],1.058178969981766
446,[0.99257156 0.90320404 0.7775973  0.83269488 1.05131546],1.0553169071318993
447,[0.98330862 0.87676374 0.76423653 0.88135544 1.06334619],1.056372244343439
448,[0.96881741 0.84955036 0.76110321 0.93515984 1.06568352],1.062835339461981
449,[0.95006128 0.8227716  0.77087702 0.98590677 1.06266799],1.07537457591509
450,[0.92791581 0.79805172 0.79491686 1.02585126 1.05817897],1.0938061192235935
451,[0.90320404 0.7775973  0.83269488 1.05131546 1.05531691],1.1171235376208501
452,[0.87676374 0.76423653 0.88135544 1.06334619 1.05637224],1.143655467646692
453,[0.84955036 0.76110321 0.93515984 1.06568352 1.06283534],1.171374748874854
454,[0.8227716  0.77087702 0.98590677 1.06266799 1.07537458],1.1983095481488073
455,[0.79805172 0.79491686 1.02585126 1.05817897 1.09380612],1.2229500981401868
456,[0.7775973  0.83269488 1.05131546 1.05531691 1.11712354],1.2445446300624181
457,[0.76423653 0.88135544 1.06334619 1.05637224 1.14365547],1.2632104673067843
458,[0.76110321 0.93515984 1.06568352 1.06283534 1.17137475],1.2797889787966028
459,[0.77087702 0.98590677 1.06266799 1.07537458 1.19830955],1.2953484858503095
460,[0.79491686 1.02585126 1.05817897 1.09380612 1.2229501 ],1.3102463505644526
461,[0.83269488 1.05131546 1.05531691 1.11712354 1.24454463],1.322756083130624
462,[0.88135544 1.06334619 1.05637224 1.14365547 1.26321047],1.3278894791137734
463,[0.93515984 1.06568352 1.06283534 1.17137475 1.27978898],1.3188386040240252
464,[0.98590677 1.06266799 1.07537458 1.19830955 1.29534849],1.2925304244158053
465,[1.02585126 1.05817897 1.09380612 1.2229501  1.31024635],1.2528418331312738
466,[1.05131546 1.05531691 1.11712354 1.24454463 1.32275608],1.2069196688274983
467,[1.06334619 1.05637224 1.14365547 1.26321047 1.32788948],1.1608958872455095
468,[1.06568352 1.06283534 1.17137475 1.27978898 1.3188386 ],1.1185759366952146
469,[1.06266799 1.07537458 1.19830955 1.29534849 1.29253042],1.0816481289252649
470,[1.05817897 1.09380612 1.2229501  1.31024635 1.25284183],1.0501541028411503
471,[1.05531691 1.11712354 1.24454463 1.32275608 1.20691967],1.022927639069575
472,[1.05637224 1.14365547 1.26321047 1.32788948 1.16089589],0.9980108134021057
473,[1.06283534 1.17137475 1.27978898 1.3188386  1.11857594],0.9730749296952022
474,[1.07537458 1.19830955 1.29534849 1.29253042 1.08164813],0.9458649559508573
475,[1.09380612 1.2229501  1.31024635 1.25284183 1.0501541 ],0.9146628986194618
476,[1.11712354 1.24454463 1.32275608 1.20691967 1.02292764],0.8786783224216984
477,[1.14365547 1.26321047 1.32788948 1.16089589 0.99801081],0.8381881561744394
478,[1.17137475 1.27978898 1.3188386  1.11857594 0.97307493],0.7943234001841063
479,[1.19830955 1.29534849 1.29253042 1.08164813 0.94586496],0.7486222018671752
480,[1.2229501  1.31024635 1.25284183 1.0501541  0.9146629 ],0.7025922636949077
481,[1.24454463 1.32275608 1.20691967 1.02292764 0.87867832],0.6574381788239452
482,[1.26321047 1.32788948 1.16089589 0.99801081 0.83818816],0.6139621397760987
483,[1.27978898 1.3188386  1.11857594 0.97307493 0.7943234 ],0.5725837922165224
484,[1.29534849 1.29253042 1.08164813 0.94586496 0.7486222 ],0.5334416094825083
485,[1.31024635 1.25284183 1.0501541  0.9146629  0.70259226],0.4965663296891422
486,[1.32275608 1.20691967 1.02292764 0.87867832 0.65743818],0.4621153132754585
487,[1.32788948 1.16089589 0.99801081 0.83818816 0.61396214],0.43062060202369573
488,[1.3188386  1.11857594 0.97307493 0.7943234  0.57258379],0.40314854745242956
489,[1.29253042 1.08164813 0.94586496 0.7486222  0.53344161],0.3812800873404717
490,[1.25284183 1.0501541  0.9146629  0.70259226 0.49656633],0.3669542139004608
491,[1.20691967 1.02292764 0.87867832 0.65743818 0.46211531],0.3621955525478928
492,[1.16089589 0.99801081 0.83818816 0.61396214 0.4306206 ],0.3686119153172359
493,[1.11857594 0.97307493 0.7943234  0.57258379 0.40314855],0.38676378694534175
494,[1.08164813 0.94586496 0.7486222  0.53344161 0.38128009],0.4158577594765575
495,[1.0501541  0.9146629  0.70259226 0.49656633 0.36695421],0.4540925552759276
496,[1.02292764 0.87867832 0.65743818 0.46211531 0.36219555],0.49943121384061706
497,[0.99801081 0.83818816 0.61396214 0.4306206  0.36861192],0.5502827443963876
498,[0.97307493 0.7943234  0.57258379 0.40314855 0.38676379],0.6057597774393213
499,[0.94586496 0.7486222  0.53344161 0.38128009 0.41585776],0.6654325567871501
500,[0.9146629  0.70259226 0.49656633 0.36695421 0.45409256],0.7286437655250634
501,[0.87867832 0.65743818 0.46211531 0.36219555 0.49943121],0.7936819851615152
502,[0.83818816 0.61396214 0.4306206  0.36861192 0.55028274],0.8574512762681303
503,[0.7943234  0.57258379 0.40314855 0.38676379 0.60575978],0.9161293841136491
504,[0.7486222  0.53344161 0.38128009 0.41585776 0.66543256],0.9663966811854299
505,[0.70259226 0.49656633 0.36695421 0.45409256 0.72864377],1.0062739890914425
506,[0.65743818 0.46211531 0.36219555 0.49943121 0.79368199],1.0351801940119056
507,[0.61396214 0.4306206  0.36861192 0.55028274 0.85745128],1.0535271434123425
508,[0.57258379 0.40314855 0.38676379 0.60575978 0.91612938],1.0622590543223778
509,[0.53344161 0.38128009 0.41585776 0.66543256 0.96639668],1.0625227806948863
510,[0.49656633 0.36695421 0.45409256 0.72864377 1.00627399],1.055493323627687
511,[0.46211531 0.36219555 0.49943121 0.79368199 1.03518019],1.0423260249022968
512,[0.4306206  0.36861192 0.55028274 0.85745128 1.05352714],1.0241986638759148
513,[0.40314855 0.38676379 0.60575978 0.91612938 1.06225905],1.0023993638078932
514,[0.38128009 0.41585776 0.66543256 0.96639668 1.06252278],0.9784104939608493
515,[0.36695421 0.45409256 0.72864377 1.00627399 1.05549332],0.9539570384067245
516,[0.36219555 0.49943121 0.79368199 1.03518019 1.04232602],0.9309976306656141
517,[0.36861192 0.55028274 0.85745128 1.05352714 1.02419866],0.9116168365883542
518,[0.38676379 0.60575978 0.91612938 1.06225905 1.00239936],0.8978021173481383
519,[0.41585776 0.66543256 0.96639668 1.06252278 0.97841049],0.8911805941100999
520,[0.45409256 0.72864377 1.00627399 1.05549332 0.95395704],0.8928472037299872
521,[0.49943121 0.79368199 1.03518019 1.04232602 0.93099763],0.9033523779748285
522,[0.55028274 0.85745128 1.05352714 1.02419866 0.91161684],0.922794196320206
523,[0.60575978 0.91612938 1.06225905 1.00239936 0.89780212],0.9508660594212094
524,[0.66543256 0.96639668 1.06252278 0.97841049 0.89118059],0.9866383318216039
525,[0.72864377 1.00627399 1.05549332 0.95395704 0.8928472 ],1.0278045941440446
526,[0.79368199 1.03518019 1.04232602 0.93099763 0.90335238],1.0694363699323162
527,[0.85745128 1.05352714 1.02419866 0.91161684 0.9227942 ],1.1036567512781157
528,[0.91612938 1.06225905 1.00239936 0.89780212 0.95086606],1.1226463120635202
529,[0.96639668 1.06252278 0.97841049 0.89118059 0.98663833],1.123378550143638
530,[1.00627399 1.05549332 0.95395704 0.8928472  1.02780459],1.108522304665852
531,[1.03518019 1.04232602 0.93099763 0.90335238 1.06943637],1.083468328381458
532,[1.05352714 1.02419866 0.91161684 0.9227942  1.10365675],1.053612687950999
533,[1.06225905 1.00239936 0.89780212 0.95086606 1.12264631],1.02333912610354
534,[1.06252278 0.97841049 0.89118059 0.98663833 1.12337855],0.9959910586903276
535,[1.05549332 0.95395704 0.8928472  1.02780459 1.1085223 ],0.9741118021595431
536,[1.04232602 0.93099763 0.90335238 1.06943637 1.08346833],0.9596326982731664
537,[1.02419866 0.91161684 0.9227942  1.10365675 1.05361269],0.9539027406464752
538,[1.00239936 0.89780212 0.95086606 1.12264631 1.02333913],0.957551340453646
539,[0.97841049 0.89118059 0.98663833 1.12337855 0.99599106],0.970272448542046
540,[0.95395704 0.8928472  1.02780459 1.1085223  0.9741118 ],0.990716831422539
541,[0.93099763 0.90335238 1.06943637 1.08346833 0.9596327 ],1.0166784705101475
542,[0.91161684 0.9227942  1.10365675 1.05361269 0.95390274],1.0455782196220365
543,[0.89780212 0.95086606 1.12264631 1.02333913 0.95755134],1.074995082427934
544,[0.89118059 0.98663833 1.12337855 0.99599106 0.97027245],1.1029355914045358
545,[0.8928472  1.02780459 1.1085223  0.9741118  0.99071683],1.1277236489617692
546,[0.90335238 1.06943637 1.08346833 0.9596327  1.01667847],1.1476132397825025
547,[0.9227942  1.10365675 1.05361269 0.95390274 1.04557822],1.160330511705711
548,[0.95086606 1.12264631 1.02333913 0.95755134 1.07499508],1.1628432224175784
549,[0.98663833 1.12337855 0.99599106 0.97027245 1.10293559],1.151848745349754
550,[1.02780459 1.1085223  0.9741118  0.99071683 1.12772365],1.125438203640508
551,[1.06943637 1.08346833 0.9596327  1.01667847 1.14761324],1.085231463040741
552,[1.10365675 1.05361269 0.95390274 1.04557822 1.16033051],1.036668999749979
553,[1.12264631 1.02333913 0.95755134 1.07499508 1.16284322],0.986717006591938
554,[1.12337855 0.99599106 0.97027245 1.10293559 1.15184875],0.9415290786852105
555,[1.1085223  0.9741118  0.99071683 1.12772365 1.1254382 ],0.9056911114261053
556,[1.08346833 0.9596327  1.01667847 1.14761324 1.08523146],0.8822250377487137
557,[1.05361269 0.95390274 1.04557822 1.16033051 1.036669  ],0.8724601105346377
558,[1.02333913 0.95755134 1.07499508 1.16284322 0.98671701],0.875795400878041
559,[0.99599106 0.97027245 1.10293559 1.15184875 0.94152908],0.8898151450768043
560,[0.9741118  0.99071683 1.12772365 1.1254382  0.90569111],0.91094715483881
561,[0.9596327  1.01667847 1.14761324 1.08523146 0.88222504],0.935311328074929
562,[0.95390274 1.04557822 1.16033051 1.036669   0.87246011],0.9592708292629512
563,[0.95755134 1.07499508 1.16284322 0.98671701 0.8757954 ],0.9795466271300838
564,[0.97027245 1.10293559 1.15184875 0.94152908 0.88981515],0.9931497192168974
565,[0.99071683 1.12772365 1.1254382  0.90569111 0.91094715],0.9975230574866669
566,[1.01667847 1.14761324 1.08523146 0.88222504 0.93531133],0.9910493230761024
567,[1.04557822 1.16033051 1.036669   0.87246011 0.95927083],0.973579685538492
568,[1.07499508 1.16284322 0.98671701 0.8757954  0.97954663],0.9464613189895239
569,[1.10293559 1.15184875 0.94152908 0.88981515 0.99314972],0.9120223913721677
570,[1.12772365 1.1254382  0.90569111 0.91094715 0.99752306],0.8729475108809194
571,[1.14761324 1.08523146 0.88222504 0.93531133 0.99104932],0.8319053464421922
572,[1.16033051 1.036669   0.87246011 0.95927083 0.97357969],0.7914996989419377
573,[1.16284322 0.98671701 0.8757954  0.97954663 0.94646132],0.7544759133650544
574,[1.15184875 0.94152908 0.88981515 0.99314972 0.91202239],0.7241010548078869
575,[1.1254382  0.90569111 0.91094715 0.99752306 0.87294751],0.7045285228923275
576,[1.08523146 0.88222504 0.93531133 0.99104932 0.83190535],0.7005358129642865
577,[1.036669   0.87246011 0.95927083 0.97357969 0.7914997 ],0.7156816720656081
578,[0.98671701 0.8757954  0.97954663 0.94646132 0.75447591],0.7493725832933028
579,[0.94152908 0.88981515 0.99314972 0.91202239 0.72410105],0.7961238463896261
580,[0.90569111 0.91094715 0.99752306 0.87294751 0.70452852],0.8485975312420554
581,[0.88222504 0.93531133 0.99104932 0.83190535 0.70053581],0.9009824852905449
582,[0.87246011 0.95927083 0.97357969 0.7914997  0.71568167],0.9498621068031914
583,[0.8757954  0.97954663 0.94646132 0.75447591 0.74937258],0.9932893998681875
584,[0.88981515 0.99314972 0.91202239 0.72410105 0.79612385],1.0296888613981543
585,[0.91094715 0.99752306 0.87294751 0.70452852 0.84859753],1.0574633975874674
586,[0.93531133 0.99104932 0.83190535 0.70053581 0.90098249],1.0754073184083106
587,[0.95927083 0.97357969 0.7914997  0.71568167 0.94986211],1.083455304255665
588,[0.97954663 0.94646132 0.75447591 0.74937258 0.9932894 ],1.0831499502657085
589,[0.99314972 0.91202239 0.72410105 0.79612385 1.02968886],1.0775619657055775
590,[0.99752306 0.87294751 0.70452852 0.84859753 1.0574634 ],1.0707949476673606
591,[0.99104932 0.83190535 0.70053581 0.90098249 1.07540732],1.0672726361492062
592,[0.97357969 0.7914997  0.71568167 0.94986211 1.0834553 ],1.0708601154363908
593,[0.94646132 0.75447591 0.74937258 0.9932894  1.08314995],1.0838221219609132
594,[0.91202239 0.72410105 0.79612385 1.02968886 1.07756197],1.1059005089844742
595,[0.87294751 0.70452852 0.84859753 1.0574634  1.07079495],1.1342076424253715
596,[0.83190535 0.70053581 0.90098249 1.07540732 1.06727264],1.1643724100583532
597,[0.7914997  0.71568167 0.94986211 1.0834553  1.07086012],1.1923041376567705
598,[0.75447591 0.74937258 0.9932894  1.08314995 1.08382212],1.2154591093676441
599,[0.72410105 0.79612385 1.02968886 1.07756197 1.10590051],1.2332133544048793
600,[0.70452852 0.84859753 1.0574634  1.07079495 1.13420764],1.2466765326339468
601,[0.70053581 0.90098249 1.07540732 1.06727264 1.16437241],1.258238339708598
602,[0.71568167 0.94986211 1.0834553  1.07086012 1.19230414],1.2706766524394637
603,[0.74937258 0.9932894  1.08314995 1.08382212 1.21545911],1.2855565567629226
604,[0.79612385 1.02968886 1.07756197 1.10590051 1.23321335],1.3014508034234349
605,[0.84859753 1.0574634  1.07079495 1.13420764 1.24667653],1.313491034916993
606,[0.90098249 1.07540732 1.06727264 1.16437241 1.25823834],1.315373742961314
607,[0.94986211 1.0834553  1.07086012 1.19230414 1.27067665],1.30272752210808
608,[0.9932894  1.08314995 1.08382212 1.21545911 1.28555656],1.2751264638408146
609,[1.02968886 1.07756197 1.10590051 1.23321335 1.3014508 ],1.2356265939060267
610,[1.0574634  1.07079495 1.13420764 1.24667653 1.31349103],1.1890137101653724
611,[1.07540732 1.06727264 1.16437241 1.25823834 1.31537374],1.1401976063817558
612,[1.0834553  1.07086012 1.19230414 1.27067665 1.30272752],1.0932856451017183
613,[1.08314995 1.08382212 1.21545911 1.28555656 1.27512646],1.051176577536533
614,[1.07756197 1.10590051 1.23321335 1.3014508  1.23562659],1.0153403453164098
615,[1.07079495 1.13420764 1.24667653 1.31349103 1.18901371],0.9856279972729914
616,[1.06727264 1.16437241 1.25823834 1.31537374 1.14019761],0.9602266686142746
617,[1.07086012 1.19230414 1.27067665 1.30272752 1.09328565],0.9360010100493341
618,[1.08382212 1.21545911 1.28555656 1.27512646 1.05117658],0.9093746641186384
619,[1.10590051 1.23321335 1.3014508  1.23562659 1.01534035],0.877635139414095
620,[1.13420764 1.24667653 1.31349103 1.18901371 0.985628  ],0.8400233432228863
621,[1.16437241 1.25823834 1.31537374 1.14019761 0.96022667],0.7977505607908044
622,[1.19230414 1.27067665 1.30272752 1.09328565 0.93600101],0.753012807356172
623,[1.21545911 1.28555656 1.27512646 1.05117658 0.90937466],0.7079571396095026
624,[1.23321335 1.3014508  1.23562659 1.01534035 0.87763514],0.6641598069375035
625,[1.24667653 1.31349103 1.18901371 0.985628   0.84002334],0.6225076016116659
626,[1.25823834 1.31537374 1.14019761 0.96022667 0.79775056],0.5832476906484497
627,[1.27067665 1.30272752 1.09328565 0.93600101 0.75301281],0.5461474983398744
628,[1.28555656 1.27512646 1.05117658 0.90937466 0.70795714],0.510823022310238
629,[1.3014508  1.23562659 1.01534035 0.87763514 0.66415981],0.4771625335235997
630,[1.31349103 1.18901371 0.985628   0.84002334 0.6225076 ],0.4455773811127693
631,[1.31537374 1.14019761 0.96022667 0.79775056 0.58324769],0.4169580505885255
632,[1.30272752 1.09328565 0.93600101 0.75301281 0.5461475 ],0.39254227924277824
633,[1.27512646 1.05117658 0.90937466 0.70795714 0.51082302],0.37391443075127095
634,[1.23562659 1.01534035 0.87763514 0.66415981 0.47716253],0.36310683308983993
635,[1.18901371 0.985628   0.84002334 0.6225076  0.44557738],0.36256854257999793
636,[1.14019761 0.96022667 0.79775056 0.58324769 0.41695805],0.3746902072637464
637,[1.09328565 0.93600101 0.75301281 0.5461475  0.39254228],0.40078984588129724
638,[1.05117658 0.90937466 0.70795714 0.51082302 0.37391443],0.4401276703627276
639,[1.01534035 0.87763514 0.66415981 0.47716253 0.36310683],0.4899351247928978
640,[0.985628   0.84002334 0.6225076  0.44557738 0.36256854],0.5466260929654329
641,[0.96022667 0.79775056 0.58324769 0.41695805 0.37469021],0.6072088422746443
642,[0.93600101 0.75301281 0.5461475  0.39254228 0.40078985],0.6699599589097488
643,[0.90937466 0.70795714 0.51082302 0.37391443 0.44012767],0.7341160418829269
644,[0.87763514 0.66415981 0.47716253 0.36310683 0.48993512],0.7987943765275084
645,[0.84002334 0.6225076  0.44557738 0.36256854 0.54662609],0.8619037398023975
646,[0.79775056 0.58324769 0.41695805 0.37469021 0.60720884],0.9201819734554905
647,[0.75301281 0.5461475  0.39254228 0.40078985 0.66995996],0.9704272771625723
648,[0.70795714 0.51082302 0.37391443 0.44012767 0.73411604],1.0106350395693768
649,[0.66415981 0.47716253 0.36310683 0.48993512 0.79879438],1.0402215936706676
650,[0.6225076  0.44557738 0.36256854 0.54662609 0.86190374],1.059622398959132
651,[0.58324769 0.41695805 0.37469021 0.60720884 0.92018197],1.0697807170216471
652,[0.5461475  0.39254228 0.40078985 0.66995996 0.97042728],1.0717748595164167
653,[0.51082302 0.37391443 0.44012767 0.73411604 1.01063504],1.0666385311804878
654,[0.47716253 0.36310683 0.48993512 0.79879438 1.04022159],1.0553488276221679
655,[0.44557738 0.36256854 0.54662609 0.86190374 1.0596224 ],1.0389019389425895
656,[0.41695805 0.37469021 0.60720884 0.92018197 1.06978072],1.0183901124513324
657,[0.39254228 0.40078985 0.66995996 0.97042728 1.07177486],0.9950527377027512
658,[0.37391443 0.44012767 0.73411604 1.01063504 1.06663853],0.9703263552252785
659,[0.36310683 0.48993512 0.79879438 1.04022159 1.05534883],0.9459121930349449
660,[0.36256854 0.54662609 0.86190374 1.0596224  1.03890194],0.923831835792749
661,[0.37469021 0.60720884 0.92018197 1.06978072 1.01839011],0.9063826066902996
662,[0.40078985 0.66995996 0.97042728 1.07177486 0.99505274],0.8958937434896472
663,[0.44012767 0.73411604 1.01063504 1.06663853 0.97032636],0.8943058995814676
664,[0.48993512 0.79879438 1.04022159 1.05534883 0.94591219],0.9027843141413472
665,[0.54662609 0.86190374 1.0596224  1.03890194 0.92383184],0.9215713302564801
666,[0.60720884 0.92018197 1.06978072 1.01839011 0.90638261],0.95003410188385
667,[0.66995996 0.97042728 1.07177486 0.99505274 0.89589374],0.9866253593070138
668,[0.73411604 1.01063504 1.06663853 0.97032636 0.8943059 ],1.0284014322110246
669,[0.79879438 1.04022159 1.05534883 0.94591219 0.90278431],1.070039178343127
670,[0.86190374 1.0596224  1.03890194 0.92383184 0.92157133],1.1036108499537791
671,[0.92018197 1.06978072 1.01839011 0.90638261 0.9500341 ],1.1214759250665225
672,[0.97042728 1.07177486 0.99505274 0.89589374 0.98662536],1.1208281956966433
673,[1.01063504 1.06663853 0.97032636 0.8943059  1.02840143],1.104468163851213
674,[1.04022159 1.05534883 0.94591219 0.90278431 1.07003918],1.0777952910659914
675,[1.0596224  1.03890194 0.92383184 0.92157133 1.10361085],1.0461249815634253
676,[1.06978072 1.01839011 0.90638261 0.9500341  1.12147593],1.0137187660458513
677,[1.07177486 0.99505274 0.89589374 0.98662536 1.1208282 ],0.9837979258632498
678,[1.06663853 0.97032636 0.8943059  1.02840143 1.10446816],0.9588220105445098
679,[1.05534883 0.94591219 0.90278431 1.07003918 1.07779529],0.9407162520219939
680,[1.03890194 0.92383184 0.92157133 1.10361085 1.04612498],0.9309474924836463
681,[1.01839011 0.90638261 0.9500341  1.12147593 1.01371877],0.9304382561152482
682,[0.99505274 0.89589374 0.98662536 1.1208282  0.98379793],0.9393667008032586
683,[0.97032636 0.8943059  1.02840143 1.10446816 0.95882201],0.9569676327993257
684,[0.94591219 0.90278431 1.07003918 1.07779529 0.94071625],0.9815037498784447
685,[0.92383184 0.92157133 1.10361085 1.04612498 0.93094749],1.01053078451482
686,[0.90638261 0.9500341  1.12147593 1.01371877 0.93043826],1.0413909464312112
687,[0.89589374 0.98662536 1.1208282  0.98379793 0.9393667 ],1.0716601766840474
688,[0.8943059  1.02840143 1.10446816 0.95882201 0.95696763],1.0992563203111696
689,[0.90278431 1.07003918 1.07779529 0.94071625 0.98150375],1.1221304997405985
690,[0.92157133 1.10361085 1.04612498 0.93094749 1.01053078],1.1377479139063134
691,[0.9500341  1.12147593 1.01371877 0.93043826 1.04139095],1.1428052276415477
692,[0.98662536 1.1208282  0.98379793 0.9393667  1.07166018],1.1338196226122654
693,[1.02840143 1.10446816 0.95882201 0.95696763 1.09925632],1.1089706980200331
694,[1.07003918 1.07779529 0.94071625 0.98150375 1.1221305 ],1.0701818099114633
695,[1.10361085 1.04612498 0.93094749 1.01053078 1.13774791],1.0231399830456254
696,[1.12147593 1.01371877 0.93043826 1.04139095 1.14280523],0.9749118504516224
697,[1.1208282  0.98379793 0.9393667  1.07166018 1.13381962],0.9317126345579851
698,[1.10446816 0.95882201 0.95696763 1.09925632 1.1089707 ],0.8982254762024299
699,[1.07779529 0.94071625 0.98150375 1.1221305  1.07018181],0.8775975943844248
700,[1.04612498 0.93094749 1.01053078 1.13774791 1.02313998],0.8712556593031563
701,[1.01371877 0.93043826 1.04139095 1.14280523 0.97491185],0.8786064144845511
702,[0.98379793 0.9393667  1.07166018 1.13381962 0.93171263],0.8971427998626333
703,[0.95882201 0.95696763 1.09925632 1.1089707  0.89822548],0.9231779846171435
704,[0.94071625 0.98150375 1.1221305  1.07018181 0.87759759],0.952814674443735
705,[0.93094749 1.01053078 1.13774791 1.02313998 0.87125566],0.9825819126886942
706,[0.93043826 1.04139095 1.14280523 0.97491185 0.87860641],1.009528372163176
707,[0.9393667  1.07166018 1.13381962 0.93171263 0.8971428 ],1.0309688037646505
708,[0.95696763 1.09925632 1.1089707  0.89822548 0.92317798],1.0442822470842588
709,[0.98150375 1.1221305  1.07018181 0.87759759 0.95281467],1.0471399429490464
710,[1.01053078 1.13774791 1.02313998 0.87125566 0.98258191],1.0381908424967923
711,[1.04139095 1.14280523 0.97491185 0.87860641 1.00952837],1.0176776568199122
712,[1.07166018 1.13381962 0.93171263 0.8971428  1.0309688 ],0.9874042583901727
713,[1.09925632 1.1089707  0.89822548 0.92317798 1.04428225],0.9501390205317779
714,[1.1221305  1.07018181 0.87759759 0.95281467 1.04713994],0.9090032836481129
715,[1.13774791 1.02313998 0.87125566 0.98258191 1.03819084],0.8672006116285994
716,[1.14280523 0.97491185 0.87860641 1.00952837 1.01767766],0.8281027658211353
717,[1.13381962 0.93171263 0.8971428  1.0309688  0.98740426],0.7955607942886043
718,[1.1089707  0.89822548 0.92317798 1.04428225 0.95013902],0.7741695373623855
719,[1.07018181 0.87759759 0.95281467 1.04713994 0.90900328],0.7688066554246037
720,[1.02313998 0.87125566 0.98258191 1.03819084 0.86720061],0.7825879236613036
721,[0.97491185 0.87860641 1.00952837 1.01767766 0.82810277],0.8141395009100663
722,[0.93171263 0.8971428  1.0309688  0.98740426 0.79556079],0.8575389214611592
723,[0.89822548 0.92317798 1.04428225 0.95013902 0.77416954],0.9056622790196379
724,[0.87759759 0.95281467 1.04713994 0.90900328 0.76880666],0.9531926803319969
725,[0.87125566 0.98258191 1.03819084 0.86720061 0.78258792],0.9970480473760784
726,[0.87860641 1.00952837 1.01767766 0.82810277 0.8141395 ],1.0352588424993483
727,[0.8971428  1.0309688  0.98740426 0.79556079 0.85753892],1.0658584912568696
728,[0.92317798 1.04428225 0.95013902 0.77416954 0.90566228],1.0866401180609082
729,[0.95281467 1.04713994 0.90900328 0.76880666 0.95319268],1.0958465771338277
730,[0.98258191 1.03819084 0.86720061 0.78258792 0.99704805],1.0931307189552375
731,[1.00952837 1.01767766 0.82810277 0.8141395  1.03525884],1.0799872566583852
732,[1.0309688  0.98740426 0.79556079 0.85753892 1.06585849],1.0594844249766697
733,[1.04428225 0.95013902 0.77416954 0.90566228 1.08664012],1.0356873828864286
734,[1.04713994 0.90900328 0.76880666 0.95319268 1.09584658],1.0131332165086693
735,[1.03819084 0.86720061 0.78258792 0.99704805 1.09313072],0.9964080700802161
736,[1.01767766 0.82810277 0.8141395  1.03525884 1.07998726],0.9896412780241682
737,[0.98740426 0.79556079 0.85753892 1.06585849 1.05948442],0.9956672503212606
738,[0.95013902 0.77416954 0.90566228 1.08664012 1.03568738],1.014896585234515
739,[0.90900328 0.76880666 0.95319268 1.09584658 1.01313322],1.0446546552437204
740,[0.86720061 0.78258792 0.99704805 1.09313072 0.99640807],1.0799988436742023
741,[0.82810277 0.8141395  1.03525884 1.07998726 0.98964128],1.1158104960820068
742,[0.79556079 0.85753892 1.06585849 1.05948442 0.99566725],1.1486716794204859
743,[0.77416954 0.90566228 1.08664012 1.03568738 1.01489659],1.1775242450695178
744,[0.76880666 0.95319268 1.09584658 1.01313322 1.04465466],1.203187274995495
745,[0.78258792 0.99704805 1.09313072 0.99640807 1.07999884],1.22696964601884
746,[0.8141395  1.03525884 1.07998726 0.98964128 1.1158105 ],1.2486320170801266
747,[0.85753892 1.06585849 1.05948442 0.99566725 1.14867168],1.2649217366541095
748,[0.90566228 1.08664012 1.03568738 1.01489659 1.17752425],1.2705228134543403
749,[0.95319268 1.09584658 1.01313322 1.04465466 1.20318727],1.2612092661620402
750,[0.99704805 1.09313072 0.99640807 1.07999884 1.22696965],1.236266832612718
751,[1.03525884 1.07998726 0.98964128 1.1158105  1.24863202],1.1984067511456469
752,[1.06585849 1.05948442 0.99566725 1.14867168 1.26492174],1.1522686416452053
753,[1.08664012 1.03568738 1.01489659 1.17752425 1.27052281],1.1029907919095125
754,[1.09584658 1.01313322 1.04465466 1.20318727 1.26120927],1.0553570958743328
755,[1.09313072 0.99640807 1.07999884 1.22696965 1.23626683],1.0134449444438485
756,[1.07998726 0.98964128 1.1158105  1.24863202 1.19840675],0.9804828491779316
757,[1.05948442 0.99566725 1.14867168 1.26492174 1.15226864],0.9585973924185686
758,[1.03568738 1.01489659 1.17752425 1.27052281 1.10299079],0.9483318239481137
759,[1.01313322 1.04465466 1.20318727 1.26120927 1.0553571 ],0.9482117831152517
760,[0.99640807 1.07999884 1.22696965 1.23626683 1.01344494],0.9548239539946928
761,[0.98964128 1.1158105  1.24863202 1.19840675 0.98048285],0.9634534780788346
762,[0.99566725 1.14867168 1.26492174 1.15226864 0.95859739],0.9688361905916569
763,[1.01489659 1.17752425 1.27052281 1.10299079 0.94833182],0.9659523758029471
764,[1.04465466 1.20318727 1.26120927 1.0553571  0.94821178],0.9513601406085908
765,[1.07999884 1.22696965 1.23626683 1.01344494 0.95482395],0.9246022455199616
766,[1.1158105  1.24863202 1.19840675 0.98048285 0.96345348],0.8880498656799666
767,[1.14867168 1.26492174 1.15226864 0.95859739 0.96883619],0.845200282968865
768,[1.17752425 1.27052281 1.10299079 0.94833182 0.96595238],0.7991296770370075
769,[1.20318727 1.26120927 1.0553571  0.94821178 0.95136014],0.7519201363552961
770,[1.22696965 1.23626683 1.01344494 0.95482395 0.92460225],0.7048282994495457
771,[1.24863202 1.19840675 0.98048285 0.96345348 0.88804987],0.6588001509946656
772,[1.26492174 1.15226864 0.95859739 0.96883619 0.84520028],0.614944352068727
773,[1.27052281 1.10299079 0.94833182 0.96595238 0.79912968],0.5746954846572078
774,[1.26120927 1.0553571  0.94821178 0.95136014 0.75192014],0.5397819661008436
775,[1.23626683 1.01344494 0.95482395 0.92460225 0.7048283 ],0.512278680678188
776,[1.19840675 0.98048285 0.96345348 0.88804987 0.65880015],0.49476118576004485
777,[1.15226864 0.95859739 0.96883619 0.84520028 0.61494435],0.4902421923132448
778,[1.10299079 0.94833182 0.96595238 0.79912968 0.57469548],0.501406284171488
779,[1.0553571  0.94821178 0.95136014 0.75192014 0.53978197],0.5290388595436466
780,[1.01344494 0.95482395 0.92460225 0.7048283  0.51227868],0.5707220464801209
781,[0.98048285 0.96345348 0.88804987 0.65880015 0.49476119],0.6213296855895523
782,[0.95859739 0.96883619 0.84520028 0.61494435 0.49024219],0.6750265142384528
783,[0.94833182 0.96595238 0.79912968 0.57469548 0.50140628],0.7269381127286286
784,[0.94821178 0.95136014 0.75192014 0.53978197 0.52903886],0.7736994109205609
785,[0.95482395 0.92460225 0.7048283  0.51227868 0.57072205],0.8134969904108604
786,[0.96345348 0.88804987 0.65880015 0.49476119 0.62132969],0.8462235018315423
787,[0.96883619 0.84520028 0.61494435 0.49024219 0.67502651],0.873694485159372
788,[0.96595238 0.79912968 0.57469548 0.50140628 0.72693811],0.8994856094445008
789,[0.95136014 0.75192014 0.53978197 0.52903886 0.77369941],0.9279121957779488
790,[0.92460225 0.7048283  0.51227868 0.57072205 0.81349699],0.9620732232264924
791,[0.88804987 0.65880015 0.49476119 0.62132969 0.8462235 ],1.0019600997199007
792,[0.84520028 0.61494435 0.49024219 0.67502651 0.87369449],1.0442893559290536
793,[0.79912968 0.57469548 0.50140628 0.72693811 0.89948561],1.0843408368817626
794,[0.75192014 0.53978197 0.52903886 0.77369941 0.9279122 ],1.1180773078894286
795,[0.7048283  0.51227868 0.57072205 0.81349699 0.96207322],1.1430952319877354
796,[0.65880015 0.49476119 0.62132969 0.8462235  1.0019601 ],1.1585473354881102
797,[0.61494435 0.49024219 0.67502651 0.87369449 1.04428936],1.1647376757164833
798,[0.57469548 0.50140628 0.72693811 0.89948561 1.08434084],1.1627530778698145
799,[0.53978197 0.52903886 0.77369941 0.9279122  1.11807731],1.154207948465234
800,[0.51227868 0.57072205 0.81349699 0.96207322 1.14309523],1.141115522181201
801,[0.49476119 0.62132969 0.8462235  1.0019601  1.15854734],1.1258693110149756
802,[0.49024219 0.67502651 0.87369449 1.04428936 1.16473768],1.111252258746309
803,[0.50140628 0.72693811 0.89948561 1.08434084 1.16275308],1.100307670353531
804,[0.52903886 0.77369941 0.9279122  1.11807731 1.15420795],1.0959032707173535
805,[0.57072205 0.81349699 0.96207322 1.14309523 1.14111552],1.100040376299175
806,[0.62132969 0.8462235  1.0019601  1.15854734 1.12586931],1.1132457866210306
807,[0.67502651 0.87369449 1.04428936 1.16473768 1.11125226],1.1343256866333917
808,[0.72693811 0.89948561 1.08434084 1.16275308 1.10030767],1.160526810005774
809,[0.77369941 0.9279122  1.11807731 1.15420795 1.09590327],1.188169052698576
810,[0.81349699 0.96207322 1.14309523 1.14111552 1.10004038],1.2137263317502844
811,[0.8462235  1.0019601  1.15854734 1.12586931 1.11324579],1.2347795751117743
812,[0.87369449 1.04428936 1.16473768 1.11125226 1.13432569],1.250073958291612
813,[0.89948561 1.08434084 1.16275308 1.10030767 1.16052681],1.2586511498011257
814,[0.9279122  1.11807731 1.15420795 1.09590327 1.18816905],1.2587561219195633
815,[0.96207322 1.14309523 1.14111552 1.10004038 1.21372633],1.2474586799846614
816,[1.0019601  1.15854734 1.12586931 1.11324579 1.23477958],1.2219278435733816
817,[1.04428936 1.16473768 1.11125226 1.13432569 1.25007396],1.1818836261997614
818,[1.08434084 1.16275308 1.10030767 1.16052681 1.25865115],1.1304797227124086
819,[1.11807731 1.15420795 1.09590327 1.18816905 1.25875612],1.0726053865932959
820,[1.14309523 1.14111552 1.10004038 1.21372633 1.24745868],1.0128835377746161
821,[1.15854734 1.12586931 1.11324579 1.23477958 1.22192784],0.9548527999477112
822,[1.16473768 1.11125226 1.13432569 1.25007396 1.18188363],0.9010028049455601
823,[1.16275308 1.10030767 1.16052681 1.25865115 1.13047972],0.8530521900187551
824,[1.15420795 1.09590327 1.18816905 1.25875612 1.07260539],0.8121733352510095
825,[1.14111552 1.10004038 1.21372633 1.24745868 1.01288354],0.779067210417175
826,[1.12586931 1.11324579 1.23477958 1.22192784 0.9548528 ],0.7538635437054517
827,[1.11125226 1.13432569 1.25007396 1.18188363 0.9010028 ],0.7358822560433235
828,[1.10030767 1.16052681 1.25865115 1.13047972 0.85305219],0.7234051520226358
829,[1.09590327 1.18816905 1.25875612 1.07260539 0.81217334],0.7137101135938271
830,[1.10004038 1.21372633 1.24745868 1.01288354 0.77906721],0.7035426523255148
831,[1.11324579 1.23477958 1.22192784 0.9548528  0.75386354],0.6899352435301257
832,[1.13432569 1.25007396 1.18188363 0.9010028  0.73588226],0.671058010014466
833,[1.16052681 1.25865115 1.13047972 0.85305219 0.72340515],0.646685324238003
834,[1.18816905 1.25875612 1.07260539 0.81217334 0.71371011],0.6179801267604539
835,[1.21372633 1.24745868 1.01288354 0.77906721 0.70354265],0.5867639028893896
836,[1.23477958 1.22192784 0.9548528  0.75386354 0.68993524],0.5548161456189734
837,[1.25007396 1.18188363 0.9010028  0.73588226 0.67105801],0.5235637345613762
838,[1.25865115 1.13047972 0.85305219 0.72340515 0.64668532],0.49413729550720653
839,[1.25875612 1.07260539 0.81217334 0.71371011 0.61798013],0.4676380362138318
840,[1.24745868 1.01288354 0.77906721 0.70354265 0.5867639 ],0.44551391807928675
841,[1.22192784 0.9548528  0.75386354 0.68993524 0.55481615],0.42998389564288825
842,[1.18188363 0.9010028  0.73588226 0.67105801 0.52356373],0.4243988113515261
843,[1.13047972 0.85305219 0.72340515 0.64668532 0.4941373 ],0.4332394100655141
844,[1.07260539 0.81217334 0.71371011 0.61798013 0.46763804],0.46105308691004615
845,[1.01288354 0.77906721 0.70354265 0.5867639  0.44551392],0.5097618826130452
846,[0.9548528  0.75386354 0.68993524 0.55481615 0.4299839 ],0.5759430749312288
847,[0.9010028  0.73588226 0.67105801 0.52356373 0.42439881],0.651575751925817
848,[0.85305219 0.72340515 0.64668532 0.4941373  0.43323941],0.728114239901489
849,[0.81217334 0.71371011 0.61798013 0.46763804 0.46105309],0.799704796960538
850,[0.77906721 0.70354265 0.5867639  0.44551392 0.50976188],0.8636906194815475
851,[0.75386354 0.68993524 0.55481615 0.4299839  0.57594307],0.9196562898898106
852,[0.73588226 0.67105801 0.52356373 0.42439881 0.65157575],0.9683184229489014
853,[0.72340515 0.64668532 0.4941373  0.43323941 0.72811424],1.0107036395145967
854,[0.71371011 0.61798013 0.46763804 0.46105309 0.7997048 ],1.0476424090691236
855,[0.70354265 0.5867639  0.44551392 0.50976188 0.86369062],1.0795268507022007
856,[0.68993524 0.55481615 0.4299839  0.57594307 0.91965629],1.1062693985142211
857,[0.67105801 0.52356373 0.42439881 0.65157575 0.96831842],1.1274138805787972
858,[0.64668532 0.4941373  0.43323941 0.72811424 1.01070364],1.1423760056180847
859,[0.61798013 0.46763804 0.46105309 0.7997048  1.04764241],1.1507384842931656
860,[0.5867639  0.44551392 0.50976188 0.86369062 1.07952685],1.1524524386533055
861,[0.55481615 0.4299839  0.57594307 0.91965629 1.1062694 ],1.1478646000333717
862,[0.52356373 0.42439881 0.65157575 0.96831842 1.12741388],1.1376290701941174
863,[0.4941373  0.43323941 0.72811424 1.01070364 1.14237601],1.1226079229903707
864,[0.46763804 0.46105309 0.7997048  1.04764241 1.15073848],1.103827983699955
865,[0.44551392 0.50976188 0.86369062 1.07952685 1.15245244],1.0825205298199252
866,[0.4299839  0.57594307 0.91965629 1.1062694  1.1478646 ],1.0602466817598042
867,[0.42439881 0.65157575 0.96831842 1.12741388 1.13762907],1.0390856892850924
868,[0.43323941 0.72811424 1.01070364 1.14237601 1.12260792],1.0218048216640185
869,[0.46105309 0.7997048  1.04764241 1.15073848 1.10382798],1.0117949530269177
870,[0.50976188 0.86369062 1.07952685 1.15245244 1.08252053],1.012447176099478
871,[0.57594307 0.91965629 1.1062694  1.1478646  1.06024668],1.0259303243472866
872,[0.65157575 0.96831842 1.12741388 1.13762907 1.03908569],1.0518794988183287
873,[0.72811424 1.01070364 1.14237601 1.12260792 1.02180482],1.0864610060492783
874,[0.7997048  1.04764241 1.15073848 1.10382798 1.01179495],1.1222991400988869
875,[0.86369062 1.07952685 1.15245244 1.08252053 1.01244718],1.1503944571314983
876,[0.91965629 1.1062694  1.1478646  1.06024668 1.02593032],1.1637297501972688
877,[0.96831842 1.12741388 1.13762907 1.03908569 1.0518795 ],1.1596425329951183
878,[1.01070364 1.14237601 1.12260792 1.02180482 1.08646101],1.1393733601646772
879,[1.04764241 1.15073848 1.10382798 1.01179495 1.12229914],1.106251179115694
880,[1.07952685 1.15245244 1.08252053 1.01244718 1.15039446],1.0641786488305125
881,[1.1062694  1.1478646  1.06024668 1.02593032 1.16372975],1.0168339467958842
882,[1.12741388 1.13762907 1.03908569 1.0518795  1.15964253],0.9673737514413249
883,[1.14237601 1.12260792 1.02180482 1.08646101 1.13937336],0.9183824292409597
884,[1.15073848 1.10382798 1.01179495 1.12229914 1.10625118],0.8719237818746071
885,[1.15245244 1.08252053 1.01244718 1.15039446 1.06417865],0.8296380021305723
886,[1.1478646  1.06024668 1.02593032 1.16372975 1.01683395],0.7928560717038744
887,[1.13762907 1.03908569 1.0518795  1.15964253 0.96737375],0.762703221661706
888,[1.12260792 1.02180482 1.08646101 1.13937336 0.91838243],0.7401599442135641
889,[1.10382798 1.01179495 1.12229914 1.10625118 0.87192378],0.7260461963459781
890,[1.08252053 1.01244718 1.15039446 1.06417865 0.829638  ],0.7208916382671554
891,[1.06024668 1.02593032 1.16372975 1.01683395 0.79285607],0.7246693230136543
892,[1.03908569 1.0518795  1.15964253 0.96737375 0.76270322],0.7364315646662919
893,[1.02180482 1.08646101 1.13937336 0.91838243 0.74015994],0.7539910041314062
894,[1.01179495 1.12229914 1.10625118 0.87192378 0.7260462 ],0.7738460659887796
895,[1.01244718 1.15039446 1.06417865 0.829638   0.72089164],0.7914519889992799
896,[1.02593032 1.16372975 1.01683395 0.79285607 0.72466932],0.8018392487424713
897,[1.0518795  1.15964253 0.96737375 0.76270322 0.73643156],0.8007949486813108
898,[1.08646101 1.13937336 0.91838243 0.74015994 0.753991  ],0.7867293337435135
899,[1.12229914 1.10625118 0.87192378 0.7260462  0.77384607],0.7618811496535458
900,[1.15039446 1.06417865 0.829638   0.72089164 0.79145199],0.7311680631525421
901,[1.16372975 1.01683395 0.79285607 0.72466932 0.80183925],0.6999471081037559
902,[1.15964253 0.96737375 0.76270322 0.73643156 0.80079495],0.67291915162118
903,[1.13937336 0.91838243 0.74015994 0.753991   0.78672933],0.6542467890747227
904,[1.10625118 0.87192378 0.7260462  0.77384607 0.76188115],0.6479014316903003
905,[1.06417865 0.829638   0.72089164 0.79145199 0.73116806],0.6574589090838328
906,[1.01683395 0.79285607 0.72466932 0.80183925 0.69994711],0.684928644363121
907,[0.96737375 0.76270322 0.73643156 0.80079495 0.67291915],0.7290717127931967
908,[0.91838243 0.74015994 0.753991   0.78672933 0.65424679],0.7848967132070175
909,[0.87192378 0.7260462  0.77384607 0.76188115 0.64790143],0.8454729904648722
910,[0.829638   0.72089164 0.79145199 0.73116806 0.65745891],0.9046500340751995
911,[0.79285607 0.72466932 0.80183925 0.69994711 0.68492864],0.9585819492846303
912,[0.76270322 0.73643156 0.80079495 0.67291915 0.72907171],1.0057378693048533
913,[0.74015994 0.753991   0.78672933 0.65424679 0.78489671],1.0462347373013328
914,[0.7260462  0.77384607 0.76188115 0.64790143 0.84547299],1.0811410125868777
915,[0.72089164 0.79145199 0.73116806 0.65745891 0.90465003],1.111939708426693
916,[0.72466932 0.80183925 0.69994711 0.68492864 0.95858195],1.1401133777173478
917,[0.73643156 0.80079495 0.67291915 0.72907171 1.00573787],1.1667878903750966
918,[0.753991   0.78672933 0.65424679 0.78489671 1.04623474],1.1924544196782485
919,[0.77384607 0.76188115 0.64790143 0.84547299 1.08114101],1.2169116797723147
920,[0.79145199 0.73116806 0.65745891 0.90465003 1.11193971],1.2395884343127301
921,[0.80183925 0.69994711 0.68492864 0.95858195 1.14011338],1.2601222520083495
922,[0.80079495 0.67291915 0.72907171 1.00573787 1.16678789],1.2785996998451232
923,[0.78672933 0.65424679 0.78489671 1.04623474 1.19245442],1.2949832316702907
924,[0.76188115 0.64790143 0.84547299 1.08114101 1.21691168],1.3084406405086777
925,[0.73116806 0.65745891 0.90465003 1.11193971 1.23958843],1.317711525063163
926,[0.69994711 0.68492864 0.95858195 1.14011338 1.26012225],1.32208689674036
927,[0.67291915 0.72907171 1.00573787 1.16678789 1.2785997 ],1.3219476554363407
928,[0.65424679 0.78489671 1.04623474 1.19245442 1.29498323],1.3187487511858444
929,[0.64790143 0.84547299 1.08114101 1.21691168 1.30844064],1.3147868992240854
930,[0.65745891 0.90465003 1.11193971 1.23958843 1.31771153],1.3128452904800592
931,[0.68492864 0.95858195 1.14011338 1.26012225 1.3220869 ],1.3155030073843035
932,[0.72907171 1.00573787 1.16678789 1.2785997  1.32194766],1.323831585852635
933,[0.78489671 1.04623474 1.19245442 1.29498323 1.31874875],1.3356326909977876
934,[0.84547299 1.08114101 1.21691168 1.30844064 1.3147869 ],1.3445684509605964
935,[0.90465003 1.11193971 1.23958843 1.31771153 1.31284529],1.3424556804263248
936,[0.95858195 1.14011338 1.26012225 1.3220869  1.31550301],1.324045429828064
937,[1.00573787 1.16678789 1.2785997  1.32194766 1.32383159],1.2893383086456573
938,[1.04623474 1.19245442 1.29498323 1.31874875 1.33563269],1.2417786674564584
939,[1.08114101 1.21691168 1.30844064 1.3147869  1.34456845],1.1855577134930777
940,[1.11193971 1.23958843 1.31771153 1.31284529 1.34245568],1.1241794356823054
941,[1.14011338 1.26012225 1.3220869  1.31550301 1.32404543],1.060164598516189
942,[1.16678789 1.2785997  1.32194766 1.32383159 1.28933831],0.9952576917799052
943,[1.19245442 1.29498323 1.31874875 1.33563269 1.24177867],0.9307359824585946
944,[1.21691168 1.30844064 1.3147869  1.34456845 1.18555771],0.8676288857902703
945,[1.23958843 1.31771153 1.31284529 1.34245568 1.12417944],0.8067826997992138
946,[1.26012225 1.3220869  1.31550301 1.32404543 1.0601646 ],0.7488185925299171
947,[1.2785997  1.32194766 1.32383159 1.28933831 0.99525769],0.6941080645521069
948,[1.29498323 1.31874875 1.33563269 1.24177867 0.93073598],0.6428559080354967
949,[1.30844064 1.3147869  1.34456845 1.18555771 0.86762889],0.5952303422148638
950,[1.31771153 1.31284529 1.34245568 1.12417944 0.8067827 ],0.5514097676175088
951,[1.3220869  1.31550301 1.32404543 1.0601646  0.74881859],0.5115393632509676
952,[1.32194766 1.32383159 1.28933831 0.99525769 0.69410806],0.4756695513472121
953,[1.31874875 1.33563269 1.24177867 0.93073598 0.64285591],0.4437015360829364
954,[1.3147869  1.34456845 1.18555771 0.86762889 0.59523034],0.4153295953437113
955,[1.31284529 1.34245568 1.12417944 0.8067827  0.55140977],0.38999438342780024
956,[1.31550301 1.32404543 1.0601646  0.74881859 0.51153936],0.36692021055097607
957,[1.32383159 1.28933831 0.99525769 0.69410806 0.47566955],0.3453300131245887
958,[1.33563269 1.24177867 0.93073598 0.64285591 0.44370154],0.32480737812448013
959,[1.34456845 1.18555771 0.86762889 0.59523034 0.4153296 ],0.3055657385350775
960,[1.34245568 1.12417944 0.8067827  0.55140977 0.38999438],0.28842650032279443
961,[1.32404543 1.0601646  0.74881859 0.51153936 0.36692021],0.27466512480227057
962,[1.28933831 0.99525769 0.69410806 0.47566955 0.34533001],0.2660264881574967
963,[1.24177867 0.93073598 0.64285591 0.44370154 0.32480738],0.2649787750872312
964,[1.18555771 0.86762889 0.59523034 0.4153296  0.30556574],0.2750403860022361
965,[1.12417944 0.8067827  0.55140977 0.38999438 0.2884265 ],0.30076815765184045
966,[1.0601646  0.74881859 0.51153936 0.36692021 0.27466512],0.3465900406833923
967,[0.99525769 0.69410806 0.47566955 0.34533001 0.26602649],0.4138218832832267
968,[0.93073598 0.64285591 0.44370154 0.32480738 0.26497878],0.4975532382767676
969,[0.86762889 0.59523034 0.4153296  0.30556574 0.27504039],0.5875424968883963
970,[0.8067827  0.55140977 0.38999438 0.2884265  0.30076816],0.6732651122493802
971,[0.74881859 0.51153936 0.36692021 0.27466512 0.34659004],0.7478365312764178
972,[0.69410806 0.47566955 0.34533001 0.26602649 0.41382188],0.8083621359723653
973,[0.64285591 0.44370154 0.32480738 0.26497878 0.49755324],0.854565747564294
974,[0.59523034 0.4153296  0.30556574 0.27504039 0.5875425 ],0.8874943228489119
975,[0.55140977 0.38999438 0.2884265  0.30076816 0.67326511],0.9087410048186653
976,[0.51153936 0.36692021 0.27466512 0.34659004 0.74783653],0.9200494146287734
977,[0.47566955 0.34533001 0.26602649 0.41382188 0.80836214],0.9231220026124896
978,[0.44370154 0.32480738 0.26497878 0.49755324 0.85456575],0.9195238733135597
979,[0.4153296  0.30556574 0.27504039 0.5875425  0.88749432],0.9106247202008682
980,[0.38999438 0.2884265  0.30076816 0.67326511 0.908741  ],0.8975547768720664
981,[0.36692021 0.27466512 0.34659004 0.74783653 0.92004941],0.8811800956669023
982,[0.34533001 0.26602649 0.41382188 0.80836214 0.923122  ],0.862126423023932
983,[0.32480738 0.26497878 0.49755324 0.85456575 0.91952387],0.8408744073437493
984,[0.30556574 0.27504039 0.5875425  0.88749432 0.91062472],0.8178996806276503
985,[0.2884265  0.30076816 0.67326511 0.908741   0.89755478],0.793794782795045
986,[0.27466512 0.34659004 0.74783653 0.92004941 0.8811801 ],0.7693481952404145
987,[0.26602649 0.41382188 0.80836214 0.923122   0.86212642],0.7456185788976643
988,[0.26497878 0.49755324 0.85456575 0.91952387 0.84087441],0.7240523855872869
989,[0.27504039 0.5875425  0.88749432 0.91062472 0.81789968],0.7066550879621992
990,[0.30076816 0.67326511 0.908741   0.89755478 0.79379478],0.6961428462968444
991,[0.34659004 0.74783653 0.92004941 0.8811801  0.7693482 ],0.6958448360158002
992,[0.41382188 0.80836214 0.923122   0.86212642 0.74561858],0.7090125415879482
993,[0.49755324 0.85456575 0.91952387 0.84087441 0.72405239],0.7375294947519301
994,[0.5875425  0.88749432 0.91062472 0.81789968 0.70665509],0.7807118022355695
995,[0.67326511 0.908741   0.89755478 0.79379478 0.69614285],0.8347652497046897
996,[0.74783653 0.92004941 0.8811801  0.7693482  0.69584484],0.8930976631079519
997,[0.80836214 0.923122   0.86212642 0.74561858 0.70901254],0.94824913191008
998,[0.85456575 0.91952387 0.84087441 0.72405239 0.73752949],0.9949427329424971
999,[0.88749432 0.91062472 0.81789968 0.70665509 0.7807118 ],1.031656133094027
1000,[0.908741   0.89755478 0.79379478 0.69614285 0.83476525],1.0598055990911452
1001,[0.92004941 0.8811801  0.7693482  0.69584484 0.89309766],1.0820887247123097
1002,[0.923122   0.86212642 0.74561858 0.70901254 0.94824913],1.1012635573163931
1003,[0.91952387 0.84087441 0.72405239 0.73752949 0.99494273],1.1195492674675784
1004,[0.91062472 0.81789968 0.70665509 0.7807118  1.03165613],1.138422038176402
1005,[0.89755478 0.79379478 0.69614285 0.83476525 1.0598056 ],1.1586112367100845
1006,[0.8811801  0.7693482  0.69584484 0.89309766 1.08208872],1.1801920101569896
1007,[0.86212642 0.74561858 0.70901254 0.94824913 1.10126356],1.2027176434912534
1008,[0.84087441 0.72405239 0.73752949 0.99494273 1.11954927],1.22536296235276
1009,[0.81789968 0.70665509 0.7807118  1.03165613 1.13842204],1.247081148369931
1010,[0.79379478 0.69614285 0.83476525 1.0598056  1.15861124],1.2667872600248564
1011,[0.7693482  0.69584484 0.89309766 1.08208872 1.18019201],1.2835568055274753
1012,[0.74561858 0.70901254 0.94824913 1.10126356 1.20271764],1.296804445819089
1013,[0.72405239 0.73752949 0.99494273 1.11954927 1.22536296],1.3064183619509182
1014,[0.70665509 0.7807118  1.03165613 1.13842204 1.24708115],1.312851243051066
1015,[0.69614285 0.83476525 1.0598056  1.15861124 1.26678726],1.3171701208301574
1016,[0.69584484 0.89309766 1.08208872 1.18019201 1.28355681],1.321014138940242
1017,[0.70901254 0.94824913 1.10126356 1.20271764 1.29680445],1.3263046072225768
1018,[0.73752949 0.99494273 1.11954927 1.22536296 1.30641836],1.33447503697219
1019,[0.7807118  1.03165613 1.13842204 1.24708115 1.31285124],1.3450541466999837
1020,[0.83476525 1.0598056  1.15861124 1.26678726 1.31717012],1.3539419482112052
1021,[0.89309766 1.08208872 1.18019201 1.28355681 1.32101414],1.3535749015538743
1022,[0.94824913 1.10126356 1.20271764 1.29680445 1.32630461],1.3376598107945745
1023,[0.99494273 1.11954927 1.22536296 1.30641836 1.33447504],1.3059097915821445
1024,[1.03165613 1.13842204 1.24708115 1.31285124 1.34505415],1.2625373019095414
1025,[1.0598056  1.15861124 1.26678726 1.31717012 1.35394195],1.2123216337860672
1026,[1.08208872 1.18019201 1.28355681 1.32101414 1.3535749 ],1.158697959178902
1027,[1.10126356 1.20271764 1.29680445 1.32630461 1.33765981],1.1036094809280568
1028,[1.11954927 1.22536296 1.30641836 1.33447504 1.30590979],1.0479491250478061
1029,[1.13842204 1.24708115 1.31285124 1.34505415 1.2625373 ],0.9920531370986541
1030,[1.15861124 1.26678726 1.31717012 1.35394195 1.21232163],0.9360884230468063
1031,[1.18019201 1.28355681 1.32101414 1.3535749  1.15869796],0.880291957112785
1032,[1.20271764 1.29680445 1.32630461 1.33765981 1.10360948],0.8250638598739505
1033,[1.22536296 1.30641836 1.33447504 1.30590979 1.04794913],0.7709481176301746
1034,[1.24708115 1.31285124 1.34505415 1.2625373  0.99205314],0.7185528110905234
1035,[1.26678726 1.31717012 1.35394195 1.21232163 0.93608842],0.6684592711887402
1036,[1.28355681 1.32101414 1.3535749  1.15869796 0.88029196],0.6211527932788128
1037,[1.29680445 1.32630461 1.33765981 1.10360948 0.82506386],0.5769854941573643
1038,[1.30641836 1.33447504 1.30590979 1.04794913 0.77094812],0.5361637647754136
1039,[1.31285124 1.34505415 1.2625373  0.99205314 0.71855281],0.4987445202547961
1040,[1.31717012 1.35394195 1.21232163 0.93608842 0.66845927],0.46462684587098085
1041,[1.32101414 1.3535749  1.15869796 0.88029196 0.62115279],0.4335394668495402
1042,[1.32630461 1.33765981 1.10360948 0.82506386 0.57698549],0.40505147509691675
1043,[1.33447504 1.30590979 1.04794913 0.77094812 0.53616376],0.3786600131847836
1044,[1.34505415 1.2625373  0.99205314 0.71855281 0.49874452],0.35399248927741245
1045,[1.35394195 1.21232163 0.93608842 0.66845927 0.46462685],0.3310711431733272
1046,[1.3535749  1.15869796 0.88029196 0.62115279 0.43353947],0.3104708525538179
1047,[1.33765981 1.10360948 0.82506386 0.57698549 0.40505148],0.2932551219044243
1048,[1.30590979 1.04794913 0.77094812 0.53616376 0.37866001],0.28086140760375305
1049,[1.2625373  0.99205314 0.71855281 0.49874452 0.35399249],0.27513959408115485
1050,[1.21232163 0.93608842 0.66845927 0.46462685 0.33107114],0.2784825384624076
1051,[1.15869796 0.88029196 0.62115279 0.43353947 0.31047085],0.293851799913491
1052,[1.10360948 0.82506386 0.57698549 0.40505148 0.29325512],0.32444344148613496
1053,[1.04794913 0.77094812 0.53616376 0.37866001 0.28086141],0.3726925960050108
1054,[0.99205314 0.71855281 0.49874452 0.35399249 0.27513959],0.4385841533066883
1055,[0.93608842 0.66845927 0.46462685 0.33107114 0.27848254],0.5181700073211931
1056,[0.88029196 0.62115279 0.43353947 0.31047085 0.2938518 ],0.6039602968368043
1057,[0.82506386 0.57698549 0.40505148 0.29325512 0.32444344],0.6875323775333686
1058,[0.77094812 0.53616376 0.37866001 0.28086141 0.3726926 ],0.762321645782081
1059,[0.71855281 0.49874452 0.35399249 0.27513959 0.43858415],0.8247134699886721
1060,[0.66845927 0.46462685 0.33107114 0.27848254 0.51817001],0.8735941367671654
1061,[0.62115279 0.43353947 0.31047085 0.2938518  0.6039603 ],0.9094120710167167
1062,[0.57698549 0.40505148 0.29325512 0.32444344 0.68753238],0.9333979912710647
1063,[0.53616376 0.37866001 0.28086141 0.3726926  0.76232165],0.9470808333854702
1064,[0.49874452 0.35399249 0.27513959 0.43858415 0.82471347],0.9520267519340728
1065,[0.46462685 0.33107114 0.27848254 0.51817001 0.87359414],0.9497058973633444
1066,[0.43353947 0.31047085 0.2938518  0.6039603  0.90941207],0.9414228660443837
1067,[0.40505148 0.29325512 0.32444344 0.68753238 0.93339799],0.9282812452468554
1068,[0.37866001 0.28086141 0.3726926  0.76232165 0.94708083],0.9111805340471733
1069,[0.35399249 0.27513959 0.43858415 0.82471347 0.95202675],0.890858790982632
1070,[0.33107114 0.27848254 0.51817001 0.87359414 0.9497059 ],0.8679860930100953
1071,[0.31047085 0.2938518  0.6039603  0.90941207 0.94142287],0.8432811374995082
1072,[0.29325512 0.32444344 0.68753238 0.93339799 0.92828125],0.8176037722444692
1073,[0.28086141 0.3726926  0.76232165 0.94708083 0.91118053],0.7920155049707465
1074,[0.27513959 0.43858415 0.82471347 0.95202675 0.89085879],0.7678417364814503
1075,[0.27848254 0.51817001 0.87359414 0.9497059  0.86798609],0.7467539142806758
1076,[0.2938518  0.6039603  0.90941207 0.94142287 0.84328114],0.7308486007114458
1077,[0.32444344 0.68753238 0.93339799 0.92828125 0.81760377],0.7226515903403878
1078,[0.3726926  0.76232165 0.94708083 0.91118053 0.7920155 ],0.7249210969133447
1079,[0.43858415 0.82471347 0.95202675 0.89085879 0.76784174],0.7401227239485417
1080,[0.51817001 0.87359414 0.9497059  0.86798609 0.74675391],0.7696000356726298
1081,[0.6039603  0.90941207 0.94142287 0.84328114 0.7308486 ],0.8126570468294969
1082,[0.68753238 0.93339799 0.92828125 0.81760377 0.72265159],0.8657273452876252
1083,[0.76232165 0.94708083 0.91118053 0.7920155  0.7249211 ],0.9221417518608894
1084,[0.82471347 0.95202675 0.89085879 0.76784174 0.74012272],0.973912381422833
1085,[0.87359414 0.9497059  0.86798609 0.74675391 0.76960004],1.0153103390069667
1086,[0.90941207 0.94142287 0.84328114 0.7308486  0.81265705],1.0449217314150605
1087,[0.93339799 0.92828125 0.81760377 0.72265159 0.86572735],1.0647202643160938
1088,[0.94708083 0.91118053 0.7920155  0.7249211  0.92214175],1.0780870439511714
1089,[0.95202675 0.89085879 0.76784174 0.74012272 0.97391238],1.0884226369223908
1090,[0.9497059  0.86798609 0.74675391 0.76960004 1.01531034],1.0985251111142253
1091,[0.94142287 0.84328114 0.7308486  0.81265705 1.04492173],1.1103959472538052
1092,[0.92828125 0.81760377 0.72265159 0.86572735 1.06472026],1.1252154614026058
1093,[0.91118053 0.7920155  0.7249211  0.92214175 1.07808704],1.1433761845215216
1094,[0.89085879 0.76784174 0.74012272 0.97391238 1.08842264],1.1645469750614479
1095,[0.86798609 0.74675391 0.76960004 1.01531034 1.09852511],1.1877822260251159
1096,[0.84328114 0.7308486  0.81265705 1.04492173 1.11039595],1.2117087432170792
1097,[0.81760377 0.72265159 0.86572735 1.06472026 1.12521546],1.2348017224947883
1098,[0.7920155  0.7249211  0.92214175 1.07808704 1.14337618],1.2557015557644848
1099,[0.76784174 0.74012272 0.97391238 1.08842264 1.16454698],1.2734872367301422
1100,[0.74675391 0.76960004 1.01531034 1.09852511 1.18778223],1.2878478833921827
1101,[0.7308486  0.81265705 1.04492173 1.11039595 1.21170874],1.2991423828539583
1102,[0.72265159 0.86572735 1.06472026 1.12521546 1.23480172],1.3083546593207687
1103,[0.7249211  0.92214175 1.07808704 1.14337618 1.25570156],1.31691662515566
1104,[0.74012272 0.97391238 1.08842264 1.16454698 1.27348724],1.3262918587443653
1105,[0.76960004 1.01531034 1.09852511 1.18778223 1.28784788],1.3371260477506974
1106,[0.81265705 1.04492173 1.11039595 1.21170874 1.29914238],1.3478057010007594
1107,[0.86572735 1.06472026 1.12521546 1.23480172 1.30835466],1.3530550363255958
1108,[0.92214175 1.07808704 1.14337618 1.25570156 1.31691663],1.3454162798504097
1109,[0.97391238 1.08842264 1.16454698 1.27348724 1.32629186],1.3210636253783694
1110,[1.01531034 1.09852511 1.18778223 1.28784788 1.33712605],1.2827896281477311
1111,[1.04492173 1.11039595 1.21170874 1.29914238 1.3478057 ],1.2364072874007412
1112,[1.06472026 1.12521546 1.23480172 1.30835466 1.35305504],1.1869059318022315
1113,[1.07808704 1.14337618 1.25570156 1.31691663 1.34541628],1.1373015989397466
1114,[1.08842264 1.16454698 1.27348724 1.32629186 1.32106363],1.088876916107629
1115,[1.09852511 1.18778223 1.28784788 1.33712605 1.28278963],1.0417184333901166
1116,[1.11039595 1.21170874 1.29914238 1.3478057  1.23640729],0.995236003518407
1117,[1.12521546 1.23480172 1.30835466 1.35305504 1.18690593],0.9486195794985433
1118,[1.14337618 1.25570156 1.31691663 1.34541628 1.1373016 ],0.9012155048226888
1119,[1.16454698 1.27348724 1.32629186 1.32106363 1.08887692],0.8527784321387177
1120,[1.18778223 1.28784788 1.33712605 1.28278963 1.04171843],0.8035516768323772
1121,[1.21170874 1.29914238 1.3478057  1.23640729 0.995236  ],0.7541741801345215
1122,[1.23480172 1.30835466 1.35305504 1.18690593 0.94861958],0.7054815995655748
1123,[1.25570156 1.31691663 1.34541628 1.1373016  0.9012155 ],0.6583021746128362
1124,[1.27348724 1.32629186 1.32106363 1.08887692 0.85277843],0.6133166950703095
1125,[1.28784788 1.33712605 1.28278963 1.04171843 0.80355168],0.5709937709736387
1126,[1.29914238 1.3478057  1.23640729 0.995236   0.75417418],0.5315756067458792
1127,[1.30835466 1.35305504 1.18690593 0.94861958 0.7054816 ],0.4950872296622553
1128,[1.31691663 1.34541628 1.1373016  0.9012155  0.65830217],0.46136078415297466
1129,[1.32629186 1.32106363 1.08887692 0.85277843 0.6133167 ],0.4300918666683633
1130,[1.33712605 1.28278963 1.04171843 0.80355168 0.57099377],0.40096093634271757
1131,[1.3478057  1.23640729 0.995236   0.75417418 0.53157561],0.3738356611680421
1132,[1.35305504 1.18690593 0.94861958 0.7054816  0.49508723],0.34900000198862413
1133,[1.34541628 1.1373016  0.9012155  0.65830217 0.46136078],0.3272682778781042
1134,[1.32106363 1.08887692 0.85277843 0.6133167  0.43009187],0.3099119078789953
1135,[1.28278963 1.04171843 0.80355168 0.57099377 0.40096094],0.29855662657305115
1136,[1.23640729 0.995236   0.75417418 0.53157561 0.37383566],0.2951520354548299
1137,[1.18690593 0.94861958 0.7054816  0.49508723 0.349     ],0.30188742606294294
1138,[1.1373016  0.9012155  0.65830217 0.46136078 0.32726828],0.3209282618468342
1139,[1.08887692 0.85277843 0.6133167  0.43009187 0.30991191],0.35397749166807385
1140,[1.04171843 0.80355168 0.57099377 0.40096094 0.29855663],0.4017546728270208
1141,[0.995236   0.75417418 0.53157561 0.37383566 0.29515204],0.463478669708358
1142,[0.94861958 0.7054816  0.49508723 0.349      0.30188743],0.5364470027091032
1143,[0.9012155  0.65830217 0.46136078 0.32726828 0.32092826],0.6159786975408564
1144,[0.85277843 0.6133167  0.43009187 0.30991191 0.35397749],0.696108389338796
1145,[0.80355168 0.57099377 0.40096094 0.29855663 0.40175467],0.770990368188327
1146,[0.75417418 0.53157561 0.37383566 0.29515204 0.46347867],0.8362518235919849
1147,[0.7054816  0.49508723 0.349      0.30188743 0.536447  ],0.8895416922115866
1148,[0.65830217 0.46136078 0.32726828 0.32092826 0.6159787 ],0.9302658814622733
1149,[0.6133167  0.43009187 0.30991191 0.35397749 0.69610839],0.9589857697077377
1150,[0.57099377 0.40096094 0.29855663 0.40175467 0.77099037],0.9768667886107446
1151,[0.53157561 0.37383566 0.29515204 0.46347867 0.83625182],0.9853040417173684
1152,[0.49508723 0.349      0.30188743 0.536447   0.88954169],0.9857035559037385
1153,[0.46136078 0.32726828 0.32092826 0.6159787  0.93026588],0.9793650587512164
1154,[0.43009187 0.30991191 0.35397749 0.69610839 0.95898577],0.9674283006439117
1155,[0.40096094 0.29855663 0.40175467 0.77099037 0.97686679],0.9508690458077987
1156,[0.37383566 0.29515204 0.46347867 0.83625182 0.98530404],0.9305452878501967
1157,[0.349      0.30188743 0.536447   0.88954169 0.98570356],0.907288888358255
1158,[0.32726828 0.32092826 0.6159787  0.93026588 0.97936506],0.8820127325969399
1159,[0.30991191 0.35397749 0.69610839 0.95898577 0.9674283 ],0.8557933343338539
1160,[0.29855663 0.40175467 0.77099037 0.97686679 0.95086905],0.8299249902288969
1161,[0.29515204 0.46347867 0.83625182 0.98530404 0.93054529],0.8059626021335473
1162,[0.30188743 0.536447   0.88954169 0.98570356 0.90728889],0.7857434475359875
1163,[0.32092826 0.6159787  0.93026588 0.97936506 0.88201273],0.7713540112551689
1164,[0.35397749 0.69610839 0.95898577 0.9674283  0.85579333],0.7650119219671796
1165,[0.40175467 0.77099037 0.97686679 0.95086905 0.82992499],0.768852862916267
1166,[0.46347867 0.83625182 0.98530404 0.93054529 0.8059626 ],0.7846209307896566
1167,[0.536447   0.88954169 0.98570356 0.90728889 0.78574345],0.8132369045543172
1168,[0.6159787  0.93026588 0.97936506 0.88201273 0.77135401],0.8541476721102272
1169,[0.69610839 0.95898577 0.9674283  0.85579333 0.76501192],0.904331941889593
1170,[0.77099037 0.97686679 0.95086905 0.82992499 0.76885286],0.9574436868223766
1171,[0.83625182 0.98530404 0.93054529 0.8059626  0.78462093],1.0049849107939106
1172,[0.88954169 0.98570356 0.90728889 0.78574345 0.8132369 ],1.0402720050479124
1173,[0.93026588 0.97936506 0.88201273 0.77135401 0.85414767],1.0615021183499007
1174,[0.95898577 0.9674283  0.85579333 0.76501192 0.90433194],1.0710427556276687
1175,[0.97686679 0.95086905 0.82992499 0.76885286 0.95744369],1.073005033395473
1176,[0.98530404 0.93054529 0.8059626  0.78462093 1.00498491],1.0715153607637926
1177,[0.98570356 0.90728889 0.78574345 0.8132369  1.04027201],1.0700188225973832
1178,[0.97936506 0.88201273 0.77135401 0.85414767 1.06150212],1.0711268953557431
1179,[0.9674283  0.85579333 0.76501192 0.90433194 1.07104276],1.0766299502222927
1180,[0.95086905 0.82992499 0.76885286 0.95744369 1.07300503],1.087511687085511
1181,[0.93054529 0.8059626  0.78462093 1.00498491 1.07151536],1.1039324377700033
1182,[0.90728889 0.78574345 0.8132369  1.04027201 1.07001882],1.12522416482815
1183,[0.88201273 0.77135401 0.85414767 1.06150212 1.0711269 ],1.1499867465100195
1184,[0.85579333 0.76501192 0.90433194 1.07104276 1.07662995],1.176358344626229
1185,[0.82992499 0.76885286 0.95744369 1.07300503 1.08751169],1.2024299462046537
1186,[0.8059626  0.78462093 1.00498491 1.07151536 1.10393244],1.2266698940371867
1187,[0.78574345 0.8132369  1.04027201 1.07001882 1.12522416],1.2482152893639251
1188,[0.77135401 0.85414767 1.06150212 1.0711269  1.14998675],1.2669595224512673
1189,[0.76501192 0.90433194 1.07104276 1.07662995 1.17635834],1.283436213576014
1190,[0.76885286 0.95744369 1.07300503 1.08751169 1.20242995],1.2985108648717278
1191,[0.78462093 1.00498491 1.07151536 1.10393244 1.22666989],1.3128346060179785
1192,[0.8132369  1.04027201 1.07001882 1.12522416 1.24821529],1.3259310879545612
1193,[0.85414767 1.06150212 1.0711269  1.14998675 1.26695952],1.3349061122377075
1194,[0.90433194 1.07104276 1.07662995 1.17635834 1.28343621],1.3338378788317808
1195,[0.95744369 1.07300503 1.08751169 1.20242995 1.29851086],1.3166952707639794
1196,[1.00498491 1.07151536 1.10393244 1.22666989 1.31283461],1.2830260920547674
1197,[1.04027201 1.07001882 1.12522416 1.24821529 1.32593109],1.2384772362201577
1198,[1.06150212 1.0711269  1.14998675 1.26695952 1.33490611],1.1900098987174177
1199,[1.07104276 1.07662995 1.17635834 1.28343621 1.33383788],1.1427367752942865
